Country,year,sex,age,suicides_no,population,suicides.100k.pop,country.year,HDI.for.year,gdp_for_year....,gdp_per_capita....,generation
Antigua and Barbuda,1990,male,35-54 years,1,5799,17.24,Antigua and Barbuda1990,NA,"459,469,074",7744,Silent
Antigua and Barbuda,1990,female,15-24 years,0,6827,0,Antigua and Barbuda1990,NA,"459,469,074",7744,Generation X
Antigua and Barbuda,1990,female,25-34 years,0,6172,0,Antigua and Barbuda1990,NA,"459,469,074",7744,Boomers
Antigua and Barbuda,1990,female,35-54 years,0,5895,0,Antigua and Barbuda1990,NA,"459,469,074",7744,Silent
Antigua and Barbuda,1990,female,5-14 years,0,6877,0,Antigua and Barbuda1990,NA,"459,469,074",7744,Generation X
Antigua and Barbuda,1990,female,55-74 years,0,3706,0,Antigua and Barbuda1990,NA,"459,469,074",7744,G.I. Generation
Antigua and Barbuda,1990,female,75+ years,0,1252,0,Antigua and Barbuda1990,NA,"459,469,074",7744,G.I. Generation
Antigua and Barbuda,1990,male,15-24 years,0,6598,0,Antigua and Barbuda1990,NA,"459,469,074",7744,Generation X
Antigua and Barbuda,1990,male,25-34 years,0,5937,0,Antigua and Barbuda1990,NA,"459,469,074",7744,Boomers
Antigua and Barbuda,1990,male,5-14 years,0,6611,0,Antigua and Barbuda1990,NA,"459,469,074",7744,Generation X
Antigua and Barbuda,1990,male,55-74 years,0,2902,0,Antigua and Barbuda1990,NA,"459,469,074",7744,G.I. Generation
Antigua and Barbuda,1990,male,75+ years,0,758,0,Antigua and Barbuda1990,NA,"459,469,074",7744,G.I. Generation
Argentina,1990,male,75+ years,226,411100,54.97,Argentina1990,0.705,"141,352,368,715",4859,G.I. Generation
Argentina,1990,male,55-74 years,502,2128000,23.59,Argentina1990,0.705,"141,352,368,715",4859,G.I. Generation
Argentina,1990,male,35-54 years,439,3619000,12.13,Argentina1990,0.705,"141,352,368,715",4859,Silent
Argentina,1990,female,75+ years,61,643000,9.49,Argentina1990,0.705,"141,352,368,715",4859,G.I. Generation
Argentina,1990,male,25-34 years,182,2297000,7.92,Argentina1990,0.705,"141,352,368,715",4859,Boomers
Argentina,1990,female,55-74 years,190,2477000,7.67,Argentina1990,0.705,"141,352,368,715",4859,G.I. Generation
Argentina,1990,male,15-24 years,174,2635000,6.6,Argentina1990,0.705,"141,352,368,715",4859,Generation X
Argentina,1990,female,35-54 years,163,3622000,4.5,Argentina1990,0.705,"141,352,368,715",4859,Silent
Argentina,1990,female,15-24 years,91,2568000,3.54,Argentina1990,0.705,"141,352,368,715",4859,Generation X
Argentina,1990,female,25-34 years,76,2251000,3.38,Argentina1990,0.705,"141,352,368,715",4859,Boomers
Argentina,1990,male,5-14 years,22,3269000,0.67,Argentina1990,0.705,"141,352,368,715",4859,Generation X
Argentina,1990,female,5-14 years,14,3171000,0.44,Argentina1990,0.705,"141,352,368,715",4859,Generation X
Armenia,1990,male,35-54 years,25,332700,7.51,Armenia1990,0.632,"2,256,838,858",756,Silent
Armenia,1990,male,75+ years,2,26900,7.43,Armenia1990,0.632,"2,256,838,858",756,G.I. Generation
Armenia,1990,male,55-74 years,11,183800,5.98,Armenia1990,0.632,"2,256,838,858",756,G.I. Generation
Armenia,1990,male,25-34 years,16,307100,5.21,Armenia1990,0.632,"2,256,838,858",756,Boomers
Armenia,1990,female,35-54 years,15,358000,4.19,Armenia1990,0.632,"2,256,838,858",756,Silent
Armenia,1990,male,15-24 years,10,272500,3.67,Armenia1990,0.632,"2,256,838,858",756,Generation X
Armenia,1990,female,55-74 years,6,224100,2.68,Armenia1990,0.632,"2,256,838,858",756,G.I. Generation
Armenia,1990,female,75+ years,1,48900,2.04,Armenia1990,0.632,"2,256,838,858",756,G.I. Generation
Armenia,1990,female,25-34 years,4,320700,1.25,Armenia1990,0.632,"2,256,838,858",756,Boomers
Armenia,1990,female,15-24 years,3,258500,1.16,Armenia1990,0.632,"2,256,838,858",756,Generation X
Armenia,1990,female,5-14 years,0,316900,0,Armenia1990,0.632,"2,256,838,858",756,Generation X
Armenia,1990,male,5-14 years,0,333600,0,Armenia1990,0.632,"2,256,838,858",756,Generation X
Australia,1990,male,75+ years,87,276900,31.42,Australia1990,0.865,"310,838,014,621",19665,G.I. Generation
Australia,1990,male,25-34 years,418,1415000,29.54,Australia1990,0.865,"310,838,014,621",19665,Boomers
Australia,1990,male,15-24 years,374,1405900,26.6,Australia1990,0.865,"310,838,014,621",19665,Generation X
Australia,1990,male,55-74 years,325,1266400,25.66,Australia1990,0.865,"310,838,014,621",19665,G.I. Generation
Australia,1990,male,35-54 years,549,2220600,24.72,Australia1990,0.865,"310,838,014,621",19665,Silent
Australia,1990,female,75+ years,37,465600,7.95,Australia1990,0.865,"310,838,014,621",19665,G.I. Generation
Australia,1990,female,25-34 years,109,1401200,7.78,Australia1990,0.865,"310,838,014,621",19665,Boomers
Australia,1990,female,55-74 years,98,1349000,7.26,Australia1990,0.865,"310,838,014,621",19665,G.I. Generation
Australia,1990,female,35-54 years,136,2154800,6.31,Australia1990,0.865,"310,838,014,621",19665,Silent
Australia,1990,female,15-24 years,64,1354800,4.72,Australia1990,0.865,"310,838,014,621",19665,Generation X
Australia,1990,male,5-14 years,5,1281300,0.39,Australia1990,0.865,"310,838,014,621",19665,Generation X
Australia,1990,female,5-14 years,0,1215500,0,Australia1990,0.865,"310,838,014,621",19665,Generation X
Austria,1990,male,75+ years,186,165206,112.59,Austria1990,0.794,"166,463,386,663",23020,G.I. Generation
Austria,1990,male,55-74 years,320,598225,53.49,Austria1990,0.794,"166,463,386,663",23020,G.I. Generation
Austria,1990,male,35-54 years,418,985787,42.4,Austria1990,0.794,"166,463,386,663",23020,Silent
Austria,1990,female,75+ years,132,365227,36.14,Austria1990,0.794,"166,463,386,663",23020,G.I. Generation
Austria,1990,male,25-34 years,209,646830,32.31,Austria1990,0.794,"166,463,386,663",23020,Boomers
Austria,1990,male,15-24 years,150,589106,25.46,Austria1990,0.794,"166,463,386,663",23020,Generation X
Austria,1990,female,55-74 years,173,802079,21.57,Austria1990,0.794,"166,463,386,663",23020,G.I. Generation
Austria,1990,female,35-54 years,150,984274,15.24,Austria1990,0.794,"166,463,386,663",23020,Silent
Austria,1990,female,25-34 years,53,626994,8.45,Austria1990,0.794,"166,463,386,663",23020,Boomers
Austria,1990,female,15-24 years,31,568627,5.45,Austria1990,0.794,"166,463,386,663",23020,Generation X
Austria,1990,female,5-14 years,2,437872,0.46,Austria1990,0.794,"166,463,386,663",23020,Generation X
Austria,1990,male,5-14 years,1,461126,0.22,Austria1990,0.794,"166,463,386,663",23020,Generation X
Azerbaijan,1990,male,35-54 years,41,587300,6.98,Azerbaijan1990,NA,"8,858,006,036",1439,Silent
Azerbaijan,1990,male,55-74 years,11,306200,3.59,Azerbaijan1990,NA,"8,858,006,036",1439,G.I. Generation
Azerbaijan,1990,male,25-34 years,19,613200,3.1,Azerbaijan1990,NA,"8,858,006,036",1439,Boomers
Azerbaijan,1990,male,15-24 years,16,682700,2.34,Azerbaijan1990,NA,"8,858,006,036",1439,Generation X
Azerbaijan,1990,male,75+ years,1,42900,2.33,Azerbaijan1990,NA,"8,858,006,036",1439,G.I. Generation
Azerbaijan,1990,female,75+ years,2,99200,2.02,Azerbaijan1990,NA,"8,858,006,036",1439,G.I. Generation
Azerbaijan,1990,female,55-74 years,6,389200,1.54,Azerbaijan1990,NA,"8,858,006,036",1439,G.I. Generation
Azerbaijan,1990,female,25-34 years,7,677800,1.03,Azerbaijan1990,NA,"8,858,006,036",1439,Boomers
Azerbaijan,1990,female,35-54 years,6,637700,0.94,Azerbaijan1990,NA,"8,858,006,036",1439,Silent
Azerbaijan,1990,female,15-24 years,4,656800,0.61,Azerbaijan1990,NA,"8,858,006,036",1439,Generation X
Azerbaijan,1990,male,5-14 years,1,750400,0.13,Azerbaijan1990,NA,"8,858,006,036",1439,Generation X
Azerbaijan,1990,female,5-14 years,0,713400,0,Azerbaijan1990,NA,"8,858,006,036",1439,Generation X
Barbados,1990,male,75+ years,3,5000,60,Barbados1990,0.716,"2,023,318,252",8537,G.I. Generation
Barbados,1990,male,35-54 years,5,24000,20.83,Barbados1990,0.716,"2,023,318,252",8537,Silent
Barbados,1990,male,55-74 years,2,13000,15.38,Barbados1990,0.716,"2,023,318,252",8537,G.I. Generation
Barbados,1990,male,25-34 years,2,24000,8.33,Barbados1990,0.716,"2,023,318,252",8537,Boomers
Barbados,1990,female,35-54 years,2,26000,7.69,Barbados1990,0.716,"2,023,318,252",8537,Silent
Barbados,1990,female,55-74 years,1,20000,5,Barbados1990,0.716,"2,023,318,252",8537,G.I. Generation
Barbados,1990,male,15-24 years,1,25000,4,Barbados1990,0.716,"2,023,318,252",8537,Generation X
Barbados,1990,female,15-24 years,0,24000,0,Barbados1990,0.716,"2,023,318,252",8537,Generation X
Barbados,1990,female,25-34 years,0,23000,0,Barbados1990,0.716,"2,023,318,252",8537,Boomers
Barbados,1990,female,5-14 years,0,22000,0,Barbados1990,0.716,"2,023,318,252",8537,Generation X
Barbados,1990,female,75+ years,0,9000,0,Barbados1990,0.716,"2,023,318,252",8537,G.I. Generation
Barbados,1990,male,5-14 years,0,22000,0,Barbados1990,0.716,"2,023,318,252",8537,Generation X
Belarus,1990,male,35-54 years,729,1199400,60.78,Belarus1990,NA,"21,650,000,000",2301,Silent
Belarus,1990,male,55-74 years,363,714100,50.83,Belarus1990,NA,"21,650,000,000",2301,G.I. Generation
Belarus,1990,male,75+ years,59,123400,47.81,Belarus1990,NA,"21,650,000,000",2301,G.I. Generation
Belarus,1990,male,25-34 years,359,844900,42.49,Belarus1990,NA,"21,650,000,000",2301,Boomers
Belarus,1990,male,15-24 years,132,702900,18.78,Belarus1990,NA,"21,650,000,000",2301,Generation X
Belarus,1990,female,75+ years,61,339400,17.97,Belarus1990,NA,"21,650,000,000",2301,G.I. Generation
Belarus,1990,female,55-74 years,158,1101700,14.34,Belarus1990,NA,"21,650,000,000",2301,G.I. Generation
Belarus,1990,female,35-54 years,144,1284200,11.21,Belarus1990,NA,"21,650,000,000",2301,Silent
Belarus,1990,female,25-34 years,45,839200,5.36,Belarus1990,NA,"21,650,000,000",2301,Boomers
Belarus,1990,female,15-24 years,24,706500,3.4,Belarus1990,NA,"21,650,000,000",2301,Generation X
Belarus,1990,male,5-14 years,8,789500,1.01,Belarus1990,NA,"21,650,000,000",2301,Generation X
Belarus,1990,female,5-14 years,3,763600,0.39,Belarus1990,NA,"21,650,000,000",2301,Generation X
Belgium,1990,male,75+ years,208,221900,93.74,Belgium1990,0.806,"206,430,841,502",22032,G.I. Generation
Belgium,1990,male,55-74 years,349,915100,38.14,Belgium1990,0.806,"206,430,841,502",22032,G.I. Generation
Belgium,1990,male,35-54 years,422,1285200,32.84,Belgium1990,0.806,"206,430,841,502",22032,Silent
Belgium,1990,male,25-34 years,213,811000,26.26,Belgium1990,0.806,"206,430,841,502",22032,Boomers
Belgium,1990,female,75+ years,95,439600,21.61,Belgium1990,0.806,"206,430,841,502",22032,G.I. Generation
Belgium,1990,female,55-74 years,193,1053000,18.33,Belgium1990,0.806,"206,430,841,502",22032,G.I. Generation
Belgium,1990,male,15-24 years,109,711900,15.31,Belgium1990,0.806,"206,430,841,502",22032,Generation X
Belgium,1990,female,35-54 years,186,1259200,14.77,Belgium1990,0.806,"206,430,841,502",22032,Silent
Belgium,1990,female,25-34 years,81,781400,10.37,Belgium1990,0.806,"206,430,841,502",22032,Boomers
Belgium,1990,female,15-24 years,37,682800,5.42,Belgium1990,0.806,"206,430,841,502",22032,Generation X
Belgium,1990,male,5-14 years,2,618600,0.32,Belgium1990,0.806,"206,430,841,502",22032,Generation X
Belgium,1990,female,5-14 years,0,590000,0,Belgium1990,0.806,"206,430,841,502",22032,Generation X
Belize,1990,male,55-74 years,1,6300,15.87,Belize1990,0.644,"413,050,000",2614,G.I. Generation
Belize,1990,male,35-54 years,1,11300,8.85,Belize1990,0.644,"413,050,000",2614,Silent
Belize,1990,female,15-24 years,1,20100,4.98,Belize1990,0.644,"413,050,000",2614,Generation X
Belize,1990,female,25-34 years,0,13100,0,Belize1990,0.644,"413,050,000",2614,Boomers
Belize,1990,female,35-54 years,0,11000,0,Belize1990,0.644,"413,050,000",2614,Silent
Belize,1990,female,5-14 years,0,26200,0,Belize1990,0.644,"413,050,000",2614,Generation X
Belize,1990,female,55-74 years,0,6100,0,Belize1990,0.644,"413,050,000",2614,G.I. Generation
Belize,1990,female,75+ years,0,1700,0,Belize1990,0.644,"413,050,000",2614,G.I. Generation
Belize,1990,male,15-24 years,0,20300,0,Belize1990,0.644,"413,050,000",2614,Generation X
Belize,1990,male,25-34 years,0,13500,0,Belize1990,0.644,"413,050,000",2614,Boomers
Belize,1990,male,5-14 years,0,26900,0,Belize1990,0.644,"413,050,000",2614,Generation X
Belize,1990,male,75+ years,0,1500,0,Belize1990,0.644,"413,050,000",2614,G.I. Generation
Brazil,1990,male,75+ years,151,689024,21.92,Brazil1990,0.608,"461,951,782,000",3516,G.I. Generation
Brazil,1990,male,55-74 years,601,5570146,10.79,Brazil1990,0.608,"461,951,782,000",3516,G.I. Generation
Brazil,1990,male,35-54 years,1127,14165486,7.96,Brazil1990,0.608,"461,951,782,000",3516,Silent
Brazil,1990,male,25-34 years,945,12198761,7.75,Brazil1990,0.608,"461,951,782,000",3516,Boomers
Brazil,1990,male,15-24 years,731,14568361,5.02,Brazil1990,0.608,"461,951,782,000",3516,Generation X
Brazil,1990,female,75+ years,38,1117615,3.4,Brazil1990,0.608,"461,951,782,000",3516,G.I. Generation
Brazil,1990,female,55-74 years,196,6431086,3.05,Brazil1990,0.608,"461,951,782,000",3516,G.I. Generation
Brazil,1990,female,35-54 years,394,14711203,2.68,Brazil1990,0.608,"461,951,782,000",3516,Silent
Brazil,1990,female,15-24 years,304,14548740,2.09,Brazil1990,0.608,"461,951,782,000",3516,Generation X
Brazil,1990,female,25-34 years,250,12392001,2.02,Brazil1990,0.608,"461,951,782,000",3516,Boomers
Brazil,1990,male,5-14 years,34,17729894,0.19,Brazil1990,0.608,"461,951,782,000",3516,Generation X
Brazil,1990,female,5-14 years,32,17265236,0.19,Brazil1990,0.608,"461,951,782,000",3516,Generation X
Bulgaria,1990,male,75+ years,174,179200,97.1,Bulgaria1990,0.695,"20,632,090,909",2451,G.I. Generation
Bulgaria,1990,female,75+ years,98,252100,38.87,Bulgaria1990,0.695,"20,632,090,909",2451,G.I. Generation
Bulgaria,1990,male,55-74 years,294,873400,33.66,Bulgaria1990,0.695,"20,632,090,909",2451,G.I. Generation
Bulgaria,1990,male,35-54 years,242,1177100,20.56,Bulgaria1990,0.695,"20,632,090,909",2451,Silent
Bulgaria,1990,male,25-34 years,106,617000,17.18,Bulgaria1990,0.695,"20,632,090,909",2451,Boomers
Bulgaria,1990,female,55-74 years,161,986100,16.33,Bulgaria1990,0.695,"20,632,090,909",2451,G.I. Generation
Bulgaria,1990,male,15-24 years,90,646500,13.92,Bulgaria1990,0.695,"20,632,090,909",2451,Generation X
Bulgaria,1990,female,35-54 years,86,1197400,7.18,Bulgaria1990,0.695,"20,632,090,909",2451,Silent
Bulgaria,1990,female,25-34 years,30,606700,4.94,Bulgaria1990,0.695,"20,632,090,909",2451,Boomers
Bulgaria,1990,female,15-24 years,26,618000,4.21,Bulgaria1990,0.695,"20,632,090,909",2451,Generation X
Bulgaria,1990,male,5-14 years,14,649200,2.16,Bulgaria1990,0.695,"20,632,090,909",2451,Generation X
Bulgaria,1990,female,5-14 years,2,615800,0.32,Bulgaria1990,0.695,"20,632,090,909",2451,Generation X
Canada,1990,male,75+ years,149,459600,32.42,Canada1990,0.849,"593,929,550,908",24041,G.I. Generation
Canada,1990,male,25-34 years,703,2372600,29.63,Canada1990,0.849,"593,929,550,908",24041,Boomers
Canada,1990,male,35-54 years,884,3483200,25.38,Canada1990,0.849,"593,929,550,908",24041,Silent
Canada,1990,male,15-24 years,484,1970600,24.56,Canada1990,0.849,"593,929,550,908",24041,Generation X
Canada,1990,male,55-74 years,430,1969600,21.83,Canada1990,0.849,"593,929,550,908",24041,G.I. Generation
Canada,1990,female,35-54 years,293,3506700,8.36,Canada1990,0.849,"593,929,550,908",24041,Silent
Canada,1990,female,25-34 years,154,2388600,6.45,Canada1990,0.849,"593,929,550,908",24041,Boomers
Canada,1990,female,55-74 years,125,2216700,5.64,Canada1990,0.849,"593,929,550,908",24041,G.I. Generation
Canada,1990,female,15-24 years,94,1888000,4.98,Canada1990,0.849,"593,929,550,908",24041,Generation X
Canada,1990,female,75+ years,32,768500,4.16,Canada1990,0.849,"593,929,550,908",24041,G.I. Generation
Canada,1990,male,5-14 years,23,1882100,1.22,Canada1990,0.849,"593,929,550,908",24041,Generation X
Canada,1990,female,5-14 years,7,1798200,0.39,Canada1990,0.849,"593,929,550,908",24041,Generation X
Chile,1990,male,55-74 years,145,608000,23.85,Chile1990,0.699,"33,113,887,818",2828,G.I. Generation
Chile,1990,male,75+ years,22,112000,19.64,Chile1990,0.699,"33,113,887,818",2828,G.I. Generation
Chile,1990,male,35-54 years,176,1340000,13.13,Chile1990,0.699,"33,113,887,818",2828,Silent
Chile,1990,male,25-34 years,148,1167000,12.68,Chile1990,0.699,"33,113,887,818",2828,Boomers
Chile,1990,male,15-24 years,134,1256000,10.67,Chile1990,0.699,"33,113,887,818",2828,Generation X
Chile,1990,female,55-74 years,19,732000,2.6,Chile1990,0.699,"33,113,887,818",2828,G.I. Generation
Chile,1990,female,35-54 years,34,1419000,2.4,Chile1990,0.699,"33,113,887,818",2828,Silent
Chile,1990,female,25-34 years,27,1162000,2.32,Chile1990,0.699,"33,113,887,818",2828,Boomers
Chile,1990,female,15-24 years,23,1230000,1.87,Chile1990,0.699,"33,113,887,818",2828,Generation X
Chile,1990,female,75+ years,3,171000,1.75,Chile1990,0.699,"33,113,887,818",2828,G.I. Generation
Chile,1990,male,5-14 years,9,1276000,0.71,Chile1990,0.699,"33,113,887,818",2828,Generation X
Chile,1990,female,5-14 years,3,1236000,0.24,Chile1990,0.699,"33,113,887,818",2828,Generation X
Colombia,1990,male,75+ years,21,202048,10.39,Colombia1990,0.596,"40,274,204,595",1346,G.I. Generation
Colombia,1990,male,55-74 years,85,1124943,7.56,Colombia1990,0.596,"40,274,204,595",1346,G.I. Generation
Colombia,1990,male,15-24 years,220,3562908,6.17,Colombia1990,0.596,"40,274,204,595",1346,Generation X
Colombia,1990,male,25-34 years,174,2859281,6.09,Colombia1990,0.596,"40,274,204,595",1346,Boomers
Colombia,1990,male,35-54 years,153,2924679,5.23,Colombia1990,0.596,"40,274,204,595",1346,Silent
Colombia,1990,female,15-24 years,95,3499435,2.71,Colombia1990,0.596,"40,274,204,595",1346,Generation X
Colombia,1990,female,25-34 years,41,2902786,1.41,Colombia1990,0.596,"40,274,204,595",1346,Boomers
Colombia,1990,female,35-54 years,40,3134518,1.28,Colombia1990,0.596,"40,274,204,595",1346,Silent
Colombia,1990,female,55-74 years,14,1308768,1.07,Colombia1990,0.596,"40,274,204,595",1346,G.I. Generation
Colombia,1990,female,75+ years,3,286894,1.05,Colombia1990,0.596,"40,274,204,595",1346,G.I. Generation
Colombia,1990,male,5-14 years,12,4132729,0.29,Colombia1990,0.596,"40,274,204,595",1346,Generation X
Colombia,1990,female,5-14 years,7,3991984,0.18,Colombia1990,0.596,"40,274,204,595",1346,Generation X
Costa Rica,1990,male,75+ years,5,19000,26.32,Costa Rica1990,0.652,"7,403,457,319",2817,G.I. Generation
Costa Rica,1990,male,35-54 years,49,276000,17.75,Costa Rica1990,0.652,"7,403,457,319",2817,Silent
Costa Rica,1990,male,55-74 years,15,113000,13.27,Costa Rica1990,0.652,"7,403,457,319",2817,G.I. Generation
Costa Rica,1990,male,15-24 years,35,294000,11.9,Costa Rica1990,0.652,"7,403,457,319",2817,Generation X
Costa Rica,1990,male,25-34 years,31,267000,11.61,Costa Rica1990,0.652,"7,403,457,319",2817,Boomers
Costa Rica,1990,female,75+ years,1,23800,4.2,Costa Rica1990,0.652,"7,403,457,319",2817,G.I. Generation
Costa Rica,1990,female,35-54 years,6,273000,2.2,Costa Rica1990,0.652,"7,403,457,319",2817,Silent
Costa Rica,1990,female,15-24 years,5,283000,1.77,Costa Rica1990,0.652,"7,403,457,319",2817,Generation X
Costa Rica,1990,female,55-74 years,2,119000,1.68,Costa Rica1990,0.652,"7,403,457,319",2817,G.I. Generation
Costa Rica,1990,female,25-34 years,3,259000,1.16,Costa Rica1990,0.652,"7,403,457,319",2817,Boomers
Costa Rica,1990,male,5-14 years,4,358000,1.12,Costa Rica1990,0.652,"7,403,457,319",2817,Generation X
Costa Rica,1990,female,5-14 years,1,343000,0.29,Costa Rica1990,0.652,"7,403,457,319",2817,Generation X
Czech Republic,1990,male,75+ years,198,179200,110.49,Czech Republic1990,0.761,"40,477,403,220",4168,G.I. Generation
Czech Republic,1990,male,55-74 years,385,800800,48.08,Czech Republic1990,0.761,"40,477,403,220",4168,G.I. Generation
Czech Republic,1990,male,35-54 years,571,1421800,40.16,Czech Republic1990,0.761,"40,477,403,220",4168,Silent
Czech Republic,1990,female,75+ years,129,364700,35.37,Czech Republic1990,0.761,"40,477,403,220",4168,G.I. Generation
Czech Republic,1990,male,25-34 years,176,713900,24.65,Czech Republic1990,0.761,"40,477,403,220",4168,Boomers
Czech Republic,1990,female,55-74 years,196,1017200,19.27,Czech Republic1990,0.761,"40,477,403,220",4168,G.I. Generation
Czech Republic,1990,male,15-24 years,99,783000,12.64,Czech Republic1990,0.761,"40,477,403,220",4168,Generation X
Czech Republic,1990,female,35-54 years,150,1426600,10.51,Czech Republic1990,0.761,"40,477,403,220",4168,Silent
Czech Republic,1990,female,25-34 years,53,684200,7.75,Czech Republic1990,0.761,"40,477,403,220",4168,Boomers
Czech Republic,1990,female,15-24 years,34,747900,4.55,Czech Republic1990,0.761,"40,477,403,220",4168,Generation X
Czech Republic,1990,male,5-14 years,5,804100,0.62,Czech Republic1990,0.761,"40,477,403,220",4168,Generation X
Czech Republic,1990,female,5-14 years,1,767500,0.13,Czech Republic1990,0.761,"40,477,403,220",4168,Generation X
Ecuador,1990,male,25-34 years,89,788540,11.29,Ecuador1990,0.645,"15,239,278,100",1732,Boomers
Ecuador,1990,male,15-24 years,97,1055004,9.19,Ecuador1990,0.645,"15,239,278,100",1732,Generation X
Ecuador,1990,male,55-74 years,30,358877,8.36,Ecuador1990,0.645,"15,239,278,100",1732,G.I. Generation
Ecuador,1990,female,15-24 years,84,1031235,8.15,Ecuador1990,0.645,"15,239,278,100",1732,Generation X
Ecuador,1990,male,35-54 years,70,877120,7.98,Ecuador1990,0.645,"15,239,278,100",1732,Silent
Ecuador,1990,female,25-34 years,42,779938,5.39,Ecuador1990,0.645,"15,239,278,100",1732,Boomers
Ecuador,1990,male,75+ years,3,70844,4.23,Ecuador1990,0.645,"15,239,278,100",1732,G.I. Generation
Ecuador,1990,female,75+ years,2,87254,2.29,Ecuador1990,0.645,"15,239,278,100",1732,G.I. Generation
Ecuador,1990,female,35-54 years,17,883364,1.92,Ecuador1990,0.645,"15,239,278,100",1732,Silent
Ecuador,1990,female,55-74 years,3,380666,0.79,Ecuador1990,0.645,"15,239,278,100",1732,G.I. Generation
Ecuador,1990,male,5-14 years,6,1262625,0.48,Ecuador1990,0.645,"15,239,278,100",1732,Generation X
Ecuador,1990,female,5-14 years,5,1225466,0.41,Ecuador1990,0.645,"15,239,278,100",1732,Generation X
El Salvador,1990,male,75+ years,13,29955,43.4,El Salvador1990,0.522,"4,817,542,204",1068,G.I. Generation
El Salvador,1990,male,25-34 years,119,339719,35.03,El Salvador1990,0.522,"4,817,542,204",1068,Boomers
El Salvador,1990,male,15-24 years,127,504932,25.15,El Salvador1990,0.522,"4,817,542,204",1068,Generation X
El Salvador,1990,female,15-24 years,112,528567,21.19,El Salvador1990,0.522,"4,817,542,204",1068,Generation X
El Salvador,1990,male,35-54 years,81,427335,18.95,El Salvador1990,0.522,"4,817,542,204",1068,Silent
El Salvador,1990,male,55-74 years,34,201577,16.87,El Salvador1990,0.522,"4,817,542,204",1068,G.I. Generation
El Salvador,1990,female,25-34 years,43,383005,11.23,El Salvador1990,0.522,"4,817,542,204",1068,Boomers
El Salvador,1990,female,35-54 years,24,477092,5.03,El Salvador1990,0.522,"4,817,542,204",1068,Silent
El Salvador,1990,female,55-74 years,9,221802,4.06,El Salvador1990,0.522,"4,817,542,204",1068,G.I. Generation
El Salvador,1990,female,75+ years,1,42375,2.36,El Salvador1990,0.522,"4,817,542,204",1068,G.I. Generation
El Salvador,1990,female,5-14 years,7,671315,1.04,El Salvador1990,0.522,"4,817,542,204",1068,Generation X
El Salvador,1990,male,5-14 years,1,682878,0.15,El Salvador1990,0.522,"4,817,542,204",1068,Generation X
Finland,1990,male,75+ years,77,85500,90.06,Finland1990,0.783,"141,517,648,888",30271,G.I. Generation
Finland,1990,male,35-54 years,483,728500,66.3,Finland1990,0.783,"141,517,648,888",30271,Silent
Finland,1990,male,25-34 years,250,389800,64.14,Finland1990,0.783,"141,517,648,888",30271,Boomers
Finland,1990,male,55-74 years,210,391100,53.69,Finland1990,0.783,"141,517,648,888",30271,G.I. Generation
Finland,1990,male,15-24 years,169,332100,50.89,Finland1990,0.783,"141,517,648,888",30271,Generation X
Finland,1990,female,55-74 years,92,502700,18.3,Finland1990,0.783,"141,517,648,888",30271,G.I. Generation
Finland,1990,female,35-54 years,124,706200,17.56,Finland1990,0.783,"141,517,648,888",30271,Silent
Finland,1990,female,25-34 years,48,372600,12.88,Finland1990,0.783,"141,517,648,888",30271,Boomers
Finland,1990,female,15-24 years,35,318800,10.98,Finland1990,0.783,"141,517,648,888",30271,Generation X
Finland,1990,female,75+ years,20,195600,10.22,Finland1990,0.783,"141,517,648,888",30271,G.I. Generation
Finland,1990,male,5-14 years,4,333400,1.2,Finland1990,0.783,"141,517,648,888",30271,Generation X
Finland,1990,female,5-14 years,0,318800,0,Finland1990,0.783,"141,517,648,888",30271,Generation X
France,1990,male,75+ years,1441,1360900,105.89,France1990,0.779,"1,269,179,616,914",23968,G.I. Generation
France,1990,male,55-74 years,1986,4746800,41.84,France1990,0.779,"1,269,179,616,914",23968,G.I. Generation
France,1990,male,35-54 years,2816,7267500,38.75,France1990,0.779,"1,269,179,616,914",23968,Silent
France,1990,male,25-34 years,1314,4289900,30.63,France1990,0.779,"1,269,179,616,914",23968,Boomers
France,1990,female,75+ years,661,2583600,25.58,France1990,0.779,"1,269,179,616,914",23968,G.I. Generation
France,1990,female,55-74 years,1002,5482800,18.28,France1990,0.779,"1,269,179,616,914",23968,G.I. Generation
France,1990,male,15-24 years,607,4318400,14.06,France1990,0.779,"1,269,179,616,914",23968,Generation X
France,1990,female,35-54 years,981,7178300,13.67,France1990,0.779,"1,269,179,616,914",23968,Silent
France,1990,female,25-34 years,392,4308400,9.1,France1990,0.779,"1,269,179,616,914",23968,Boomers
France,1990,female,15-24 years,184,4175200,4.41,France1990,0.779,"1,269,179,616,914",23968,Generation X
France,1990,male,5-14 years,14,3705600,0.38,France1990,0.779,"1,269,179,616,914",23968,Generation X
France,1990,female,5-14 years,5,3535500,0.14,France1990,0.779,"1,269,179,616,914",23968,Generation X
Georgia,1990,male,75+ years,14,62200,22.51,Georgia1990,NA,"7,753,501,868",1555,G.I. Generation
Georgia,1990,male,55-74 years,36,377250,9.54,Georgia1990,NA,"7,753,501,868",1555,G.I. Generation
Georgia,1990,male,35-54 years,44,616350,7.14,Georgia1990,NA,"7,753,501,868",1555,Silent
Georgia,1990,female,75+ years,8,136200,5.87,Georgia1990,NA,"7,753,501,868",1555,G.I. Generation
Georgia,1990,male,25-34 years,23,422400,5.45,Georgia1990,NA,"7,753,501,868",1555,Boomers
Georgia,1990,male,15-24 years,23,424000,5.42,Georgia1990,NA,"7,753,501,868",1555,Generation X
Georgia,1990,female,55-74 years,18,525250,3.43,Georgia1990,NA,"7,753,501,868",1555,G.I. Generation
Georgia,1990,female,35-54 years,22,682450,3.22,Georgia1990,NA,"7,753,501,868",1555,Silent
Georgia,1990,female,15-24 years,4,415850,0.96,Georgia1990,NA,"7,753,501,868",1555,Generation X
Georgia,1990,female,25-34 years,4,451450,0.89,Georgia1990,NA,"7,753,501,868",1555,Boomers
Georgia,1990,female,5-14 years,0,428500,0,Georgia1990,NA,"7,753,501,868",1555,Generation X
Georgia,1990,male,5-14 years,0,444500,0,Georgia1990,NA,"7,753,501,868",1555,Generation X
Germany,1990,male,75+ years,1516,1717700,88.26,Germany1990,0.801,"1,764,967,948,917",23546,G.I. Generation
Germany,1990,male,55-74 years,2406,6593100,36.49,Germany1990,0.801,"1,764,967,948,917",23546,G.I. Generation
Germany,1990,male,35-54 years,3302,11127100,29.68,Germany1990,0.801,"1,764,967,948,917",23546,Silent
Germany,1990,female,75+ years,1174,3978800,29.51,Germany1990,0.801,"1,764,967,948,917",23546,G.I. Generation
Germany,1990,male,25-34 years,1488,6721200,22.14,Germany1990,0.801,"1,764,967,948,917",23546,Boomers
Germany,1990,female,55-74 years,1417,8537700,16.6,Germany1990,0.801,"1,764,967,948,917",23546,G.I. Generation
Germany,1990,male,15-24 years,800,5565400,14.37,Germany1990,0.801,"1,764,967,948,917",23546,Generation X
Germany,1990,female,35-54 years,1128,10742900,10.5,Germany1990,0.801,"1,764,967,948,917",23546,Silent
Germany,1990,female,25-34 years,434,6328000,6.86,Germany1990,0.801,"1,764,967,948,917",23546,Boomers
Germany,1990,female,15-24 years,228,5288600,4.31,Germany1990,0.801,"1,764,967,948,917",23546,Generation X
Germany,1990,male,5-14 years,22,4290400,0.51,Germany1990,0.801,"1,764,967,948,917",23546,Generation X
Germany,1990,female,5-14 years,9,4067900,0.22,Germany1990,0.801,"1,764,967,948,917",23546,Generation X
Greece,1990,male,75+ years,46,258700,17.78,Greece1990,0.759,"97,891,090,929",10179,G.I. Generation
Greece,1990,male,55-74 years,68,979100,6.95,Greece1990,0.759,"97,891,090,929",10179,G.I. Generation
Greece,1990,male,25-34 years,46,709800,6.48,Greece1990,0.759,"97,891,090,929",10179,Boomers
Greece,1990,male,35-54 years,68,1265600,5.37,Greece1990,0.759,"97,891,090,929",10179,Silent
Greece,1990,male,15-24 years,40,782500,5.11,Greece1990,0.759,"97,891,090,929",10179,Generation X
Greece,1990,female,75+ years,9,349600,2.57,Greece1990,0.759,"97,891,090,929",10179,G.I. Generation
Greece,1990,female,55-74 years,25,1091300,2.29,Greece1990,0.759,"97,891,090,929",10179,G.I. Generation
Greece,1990,female,35-54 years,25,1288000,1.94,Greece1990,0.759,"97,891,090,929",10179,Silent
Greece,1990,female,25-34 years,11,720200,1.53,Greece1990,0.759,"97,891,090,929",10179,Boomers
Greece,1990,female,15-24 years,8,754700,1.06,Greece1990,0.759,"97,891,090,929",10179,Generation X
Greece,1990,male,5-14 years,3,728500,0.41,Greece1990,0.759,"97,891,090,929",10179,Generation X
Greece,1990,female,5-14 years,0,689000,0,Greece1990,0.759,"97,891,090,929",10179,Generation X
Grenada,1990,male,35-54 years,1,6200,16.13,Grenada1990,NA,"278,098,778",3391,Silent
Grenada,1990,male,15-24 years,1,11600,8.62,Grenada1990,NA,"278,098,778",3391,Generation X
Grenada,1990,female,15-24 years,0,10500,0,Grenada1990,NA,"278,098,778",3391,Generation X
Grenada,1990,female,25-34 years,0,4900,0,Grenada1990,NA,"278,098,778",3391,Boomers
Grenada,1990,female,35-54 years,0,6600,0,Grenada1990,NA,"278,098,778",3391,Silent
Grenada,1990,female,5-14 years,0,11500,0,Grenada1990,NA,"278,098,778",3391,Generation X
Grenada,1990,female,55-74 years,0,5000,0,Grenada1990,NA,"278,098,778",3391,G.I. Generation
Grenada,1990,female,75+ years,0,1700,0,Grenada1990,NA,"278,098,778",3391,G.I. Generation
Grenada,1990,male,25-34 years,0,5500,0,Grenada1990,NA,"278,098,778",3391,Boomers
Grenada,1990,male,5-14 years,0,13200,0,Grenada1990,NA,"278,098,778",3391,Generation X
Grenada,1990,male,55-74 years,0,4400,0,Grenada1990,NA,"278,098,778",3391,G.I. Generation
Grenada,1990,male,75+ years,0,900,0,Grenada1990,NA,"278,098,778",3391,G.I. Generation
Guatemala,1990,male,75+ years,4,41850,9.56,Guatemala1990,0.483,"7,650,125,217",996,G.I. Generation
Guatemala,1990,male,25-34 years,45,555151,8.11,Guatemala1990,0.483,"7,650,125,217",996,Boomers
Guatemala,1990,male,35-54 years,37,628848,5.88,Guatemala1990,0.483,"7,650,125,217",996,Silent
Guatemala,1990,male,15-24 years,34,905373,3.76,Guatemala1990,0.483,"7,650,125,217",996,Generation X
Guatemala,1990,male,55-74 years,9,311351,2.89,Guatemala1990,0.483,"7,650,125,217",996,G.I. Generation
Guatemala,1990,female,35-54 years,8,684099,1.17,Guatemala1990,0.483,"7,650,125,217",996,Silent
Guatemala,1990,female,15-24 years,10,915256,1.09,Guatemala1990,0.483,"7,650,125,217",996,Generation X
Guatemala,1990,female,25-34 years,6,603010,1,Guatemala1990,0.483,"7,650,125,217",996,Boomers
Guatemala,1990,female,55-74 years,1,322429,0.31,Guatemala1990,0.483,"7,650,125,217",996,G.I. Generation
Guatemala,1990,female,5-14 years,2,1312953,0.15,Guatemala1990,0.483,"7,650,125,217",996,Generation X
Guatemala,1990,male,5-14 years,2,1354763,0.15,Guatemala1990,0.483,"7,650,125,217",996,Generation X
Guatemala,1990,female,75+ years,0,48909,0,Guatemala1990,0.483,"7,650,125,217",996,G.I. Generation
Guyana,1990,male,25-34 years,23,61238,37.56,Guyana1990,0.542,"396,582,263",607,Boomers
Guyana,1990,male,55-74 years,7,24349,28.75,Guyana1990,0.542,"396,582,263",607,G.I. Generation
Guyana,1990,male,75+ years,1,4090,24.45,Guyana1990,0.542,"396,582,263",607,G.I. Generation
Guyana,1990,male,15-24 years,18,79963,22.51,Guyana1990,0.542,"396,582,263",607,Generation X
Guyana,1990,male,35-54 years,13,62629,20.76,Guyana1990,0.542,"396,582,263",607,Silent
Guyana,1990,female,15-24 years,12,84613,14.18,Guyana1990,0.542,"396,582,263",607,Generation X
Guyana,1990,female,55-74 years,3,25481,11.77,Guyana1990,0.542,"396,582,263",607,G.I. Generation
Guyana,1990,female,35-54 years,4,63070,6.34,Guyana1990,0.542,"396,582,263",607,Silent
Guyana,1990,female,25-34 years,4,63874,6.26,Guyana1990,0.542,"396,582,263",607,Boomers
Guyana,1990,male,5-14 years,2,89344,2.24,Guyana1990,0.542,"396,582,263",607,Generation X
Guyana,1990,female,5-14 years,2,89480,2.24,Guyana1990,0.542,"396,582,263",607,Generation X
Guyana,1990,female,75+ years,0,5295,0,Guyana1990,0.542,"396,582,263",607,G.I. Generation
Iceland,1990,male,15-24 years,10,21400,46.73,Iceland1990,0.802,"6,372,905,073",27316,Generation X
Iceland,1990,male,55-74 years,8,17700,45.2,Iceland1990,0.802,"6,372,905,073",27316,G.I. Generation
Iceland,1990,male,25-34 years,9,21700,41.47,Iceland1990,0.802,"6,372,905,073",27316,Boomers
Iceland,1990,male,35-54 years,8,29800,26.85,Iceland1990,0.802,"6,372,905,073",27316,Silent
Iceland,1990,female,35-54 years,3,28600,10.49,Iceland1990,0.802,"6,372,905,073",27316,Silent
Iceland,1990,female,15-24 years,1,20700,4.83,Iceland1990,0.802,"6,372,905,073",27316,Generation X
Iceland,1990,female,25-34 years,1,21100,4.74,Iceland1990,0.802,"6,372,905,073",27316,Boomers
Iceland,1990,female,5-14 years,0,20600,0,Iceland1990,0.802,"6,372,905,073",27316,Generation X
Iceland,1990,female,55-74 years,0,18700,0,Iceland1990,0.802,"6,372,905,073",27316,G.I. Generation
Iceland,1990,female,75+ years,0,6800,0,Iceland1990,0.802,"6,372,905,073",27316,G.I. Generation
Iceland,1990,male,5-14 years,0,21500,0,Iceland1990,0.802,"6,372,905,073",27316,Generation X
Iceland,1990,male,75+ years,0,4700,0,Iceland1990,0.802,"6,372,905,073",27316,G.I. Generation
Ireland,1990,male,55-74 years,58,244600,23.71,Ireland1990,0.77,"49,364,681,256",15312,G.I. Generation
Ireland,1990,male,25-34 years,51,236900,21.53,Ireland1990,0.77,"49,364,681,256",15312,Boomers
Ireland,1990,male,35-54 years,85,406100,20.93,Ireland1990,0.77,"49,364,681,256",15312,Silent
Ireland,1990,male,75+ years,9,61000,14.75,Ireland1990,0.77,"49,364,681,256",15312,G.I. Generation
Ireland,1990,male,15-24 years,44,309400,14.22,Ireland1990,0.77,"49,364,681,256",15312,Generation X
Ireland,1990,female,25-34 years,20,238400,8.39,Ireland1990,0.77,"49,364,681,256",15312,Boomers
Ireland,1990,female,55-74 years,20,269100,7.43,Ireland1990,0.77,"49,364,681,256",15312,G.I. Generation
Ireland,1990,female,35-54 years,29,391200,7.41,Ireland1990,0.77,"49,364,681,256",15312,Silent
Ireland,1990,female,15-24 years,12,291300,4.12,Ireland1990,0.77,"49,364,681,256",15312,Generation X
Ireland,1990,female,75+ years,2,97900,2.04,Ireland1990,0.77,"49,364,681,256",15312,G.I. Generation
Ireland,1990,male,5-14 years,4,347800,1.15,Ireland1990,0.77,"49,364,681,256",15312,Generation X
Ireland,1990,female,5-14 years,0,330300,0,Ireland1990,0.77,"49,364,681,256",15312,Generation X
Israel,1990,male,75+ years,29,80000,36.25,Israel1990,0.785,"58,986,997,917",14193,G.I. Generation
Israel,1990,male,55-74 years,52,256800,20.25,Israel1990,0.785,"58,986,997,917",14193,G.I. Generation
Israel,1990,male,25-34 years,48,336200,14.28,Israel1990,0.785,"58,986,997,917",14193,Boomers
Israel,1990,male,35-54 years,61,481600,12.67,Israel1990,0.785,"58,986,997,917",14193,Silent
Israel,1990,female,75+ years,12,98300,12.21,Israel1990,0.785,"58,986,997,917",14193,G.I. Generation
Israel,1990,female,55-74 years,23,303300,7.58,Israel1990,0.785,"58,986,997,917",14193,G.I. Generation
Israel,1990,male,15-24 years,28,418200,6.7,Israel1990,0.785,"58,986,997,917",14193,Generation X
Israel,1990,female,35-54 years,22,495800,4.44,Israel1990,0.785,"58,986,997,917",14193,Silent
Israel,1990,female,25-34 years,14,332700,4.21,Israel1990,0.785,"58,986,997,917",14193,Boomers
Israel,1990,female,15-24 years,13,399100,3.26,Israel1990,0.785,"58,986,997,917",14193,Generation X
Israel,1990,male,5-14 years,2,490200,0.41,Israel1990,0.785,"58,986,997,917",14193,Generation X
Israel,1990,female,5-14 years,0,463900,0,Israel1990,0.785,"58,986,997,917",14193,Generation X
Italy,1990,male,75+ years,670,1332200,50.29,Italy1990,0.766,"1,177,326,294,441",21472,G.I. Generation
Italy,1990,male,55-74 years,980,5266600,18.61,Italy1990,0.766,"1,177,326,294,441",21472,G.I. Generation
Italy,1990,male,35-54 years,802,7381900,10.86,Italy1990,0.766,"1,177,326,294,441",21472,Silent
Italy,1990,male,25-34 years,443,4477900,9.89,Italy1990,0.766,"1,177,326,294,441",21472,Boomers
Italy,1990,female,75+ years,224,2358600,9.5,Italy1990,0.766,"1,177,326,294,441",21472,G.I. Generation
Italy,1990,female,55-74 years,452,6242800,7.24,Italy1990,0.766,"1,177,326,294,441",21472,G.I. Generation
Italy,1990,male,15-24 years,275,4678600,5.88,Italy1990,0.766,"1,177,326,294,441",21472,Generation X
Italy,1990,female,35-54 years,317,7539900,4.2,Italy1990,0.766,"1,177,326,294,441",21472,Silent
Italy,1990,female,25-34 years,132,4391200,3.01,Italy1990,0.766,"1,177,326,294,441",21472,Boomers
Italy,1990,female,15-24 years,90,4489200,2,Italy1990,0.766,"1,177,326,294,441",21472,Generation X
Italy,1990,male,5-14 years,11,3426400,0.32,Italy1990,0.766,"1,177,326,294,441",21472,Generation X
Italy,1990,female,5-14 years,6,3246400,0.18,Italy1990,0.766,"1,177,326,294,441",21472,Generation X
Jamaica,1990,male,15-24 years,2,249414,0.8,Jamaica1990,0.671,"4,592,224,067",2155,Generation X
Jamaica,1990,male,35-54 years,1,193270,0.52,Jamaica1990,0.671,"4,592,224,067",2155,Silent
Jamaica,1990,female,15-24 years,0,251027,0,Jamaica1990,0.671,"4,592,224,067",2155,Generation X
Jamaica,1990,female,25-34 years,0,193286,0,Jamaica1990,0.671,"4,592,224,067",2155,Boomers
Jamaica,1990,female,35-54 years,0,200357,0,Jamaica1990,0.671,"4,592,224,067",2155,Silent
Jamaica,1990,female,5-14 years,0,272608,0,Jamaica1990,0.671,"4,592,224,067",2155,Generation X
Jamaica,1990,female,55-74 years,0,122353,0,Jamaica1990,0.671,"4,592,224,067",2155,G.I. Generation
Jamaica,1990,female,75+ years,0,45109,0,Jamaica1990,0.671,"4,592,224,067",2155,G.I. Generation
Jamaica,1990,male,25-34 years,0,182411,0,Jamaica1990,0.671,"4,592,224,067",2155,Boomers
Jamaica,1990,male,5-14 years,0,277197,0,Jamaica1990,0.671,"4,592,224,067",2155,Generation X
Jamaica,1990,male,55-74 years,0,110297,0,Jamaica1990,0.671,"4,592,224,067",2155,G.I. Generation
Jamaica,1990,male,75+ years,0,33712,0,Jamaica1990,0.671,"4,592,224,067",2155,G.I. Generation
Japan,1990,male,75+ years,1405,2232400,62.94,Japan1990,0.814,"3,132,817,652,848",26949,G.I. Generation
Japan,1990,female,75+ years,1814,3736000,48.55,Japan1990,0.814,"3,132,817,652,848",26949,G.I. Generation
Japan,1990,male,55-74 years,3654,10761800,33.95,Japan1990,0.814,"3,132,817,652,848",26949,G.I. Generation
Japan,1990,male,35-54 years,4822,18296000,26.36,Japan1990,0.814,"3,132,817,652,848",26949,Silent
Japan,1990,female,55-74 years,2607,12588300,20.71,Japan1990,0.814,"3,132,817,652,848",26949,G.I. Generation
Japan,1990,male,25-34 years,1462,7927600,18.44,Japan1990,0.814,"3,132,817,652,848",26949,Boomers
Japan,1990,female,35-54 years,2184,18325800,11.92,Japan1990,0.814,"3,132,817,652,848",26949,Silent
Japan,1990,male,15-24 years,875,9545600,9.17,Japan1990,0.814,"3,132,817,652,848",26949,Generation X
Japan,1990,female,25-34 years,698,7761900,8.99,Japan1990,0.814,"3,132,817,652,848",26949,Boomers
Japan,1990,female,15-24 years,434,9143500,4.75,Japan1990,0.814,"3,132,817,652,848",26949,Generation X
Japan,1990,male,5-14 years,30,8168200,0.37,Japan1990,0.814,"3,132,817,652,848",26949,Generation X
Japan,1990,female,5-14 years,17,7764300,0.22,Japan1990,0.814,"3,132,817,652,848",26949,Generation X
Kazakhstan,1990,male,75+ years,82,102200,80.23,Kazakhstan1990,0.69,"26,932,728,899",1823,G.I. Generation
Kazakhstan,1990,male,35-54 years,925,1735100,53.31,Kazakhstan1990,0.69,"26,932,728,899",1823,Silent
Kazakhstan,1990,male,55-74 years,356,706400,50.4,Kazakhstan1990,0.69,"26,932,728,899",1823,G.I. Generation
Kazakhstan,1990,male,25-34 years,602,1455200,41.37,Kazakhstan1990,0.69,"26,932,728,899",1823,Boomers
Kazakhstan,1990,female,75+ years,85,291100,29.2,Kazakhstan1990,0.69,"26,932,728,899",1823,G.I. Generation
Kazakhstan,1990,male,15-24 years,375,1425100,26.31,Kazakhstan1990,0.69,"26,932,728,899",1823,Generation X
Kazakhstan,1990,female,55-74 years,188,1060900,17.72,Kazakhstan1990,0.69,"26,932,728,899",1823,G.I. Generation
Kazakhstan,1990,female,15-24 years,170,1338900,12.7,Kazakhstan1990,0.69,"26,932,728,899",1823,Generation X
Kazakhstan,1990,female,35-54 years,225,1845400,12.19,Kazakhstan1990,0.69,"26,932,728,899",1823,Silent
Kazakhstan,1990,female,25-34 years,104,1453700,7.15,Kazakhstan1990,0.69,"26,932,728,899",1823,Boomers
Kazakhstan,1990,male,5-14 years,53,1698000,3.12,Kazakhstan1990,0.69,"26,932,728,899",1823,Generation X
Kazakhstan,1990,female,5-14 years,7,1661900,0.42,Kazakhstan1990,0.69,"26,932,728,899",1823,Generation X
Kyrgyzstan,1990,male,75+ years,14,25200,55.56,Kyrgyzstan1990,0.615,"2,674,000,000",715,G.I. Generation
Kyrgyzstan,1990,male,35-54 years,149,354400,42.04,Kyrgyzstan1990,0.615,"2,674,000,000",715,Silent
Kyrgyzstan,1990,male,55-74 years,68,175000,38.86,Kyrgyzstan1990,0.615,"2,674,000,000",715,G.I. Generation
Kyrgyzstan,1990,male,25-34 years,99,350200,28.27,Kyrgyzstan1990,0.615,"2,674,000,000",715,Boomers
Kyrgyzstan,1990,female,75+ years,15,59800,25.08,Kyrgyzstan1990,0.615,"2,674,000,000",715,G.I. Generation
Kyrgyzstan,1990,female,55-74 years,38,242200,15.69,Kyrgyzstan1990,0.615,"2,674,000,000",715,G.I. Generation
Kyrgyzstan,1990,male,15-24 years,54,400300,13.49,Kyrgyzstan1990,0.615,"2,674,000,000",715,Generation X
Kyrgyzstan,1990,female,35-54 years,36,368500,9.77,Kyrgyzstan1990,0.615,"2,674,000,000",715,Silent
Kyrgyzstan,1990,female,15-24 years,31,390100,7.95,Kyrgyzstan1990,0.615,"2,674,000,000",715,Generation X
Kyrgyzstan,1990,female,25-34 years,23,357500,6.43,Kyrgyzstan1990,0.615,"2,674,000,000",715,Boomers
Kyrgyzstan,1990,male,5-14 years,16,511400,3.13,Kyrgyzstan1990,0.615,"2,674,000,000",715,Generation X
Kyrgyzstan,1990,female,5-14 years,4,502700,0.8,Kyrgyzstan1990,0.615,"2,674,000,000",715,Generation X
Luxembourg,1990,male,75+ years,4,7700,51.95,Luxembourg1990,0.779,"13,229,247,948",36871,G.I. Generation
Luxembourg,1990,male,55-74 years,12,32400,37.04,Luxembourg1990,0.779,"13,229,247,948",36871,G.I. Generation
Luxembourg,1990,male,35-54 years,16,53800,29.74,Luxembourg1990,0.779,"13,229,247,948",36871,Silent
Luxembourg,1990,male,25-34 years,9,33200,27.11,Luxembourg1990,0.779,"13,229,247,948",36871,Boomers
Luxembourg,1990,female,75+ years,4,15500,25.81,Luxembourg1990,0.779,"13,229,247,948",36871,G.I. Generation
Luxembourg,1990,male,15-24 years,6,25900,23.17,Luxembourg1990,0.779,"13,229,247,948",36871,Generation X
Luxembourg,1990,female,35-54 years,10,51100,19.57,Luxembourg1990,0.779,"13,229,247,948",36871,Silent
Luxembourg,1990,female,55-74 years,5,39200,12.76,Luxembourg1990,0.779,"13,229,247,948",36871,G.I. Generation
Luxembourg,1990,female,25-34 years,2,32300,6.19,Luxembourg1990,0.779,"13,229,247,948",36871,Boomers
Luxembourg,1990,female,15-24 years,0,24700,0,Luxembourg1990,0.779,"13,229,247,948",36871,Generation X
Luxembourg,1990,female,5-14 years,0,21000,0,Luxembourg1990,0.779,"13,229,247,948",36871,Generation X
Luxembourg,1990,male,5-14 years,0,22000,0,Luxembourg1990,0.779,"13,229,247,948",36871,Generation X
Malta,1990,male,35-54 years,4,47400,8.44,Malta1990,0.729,"2,547,163,582",7780,Silent
Malta,1990,male,15-24 years,2,25600,7.81,Malta1990,0.729,"2,547,163,582",7780,Generation X
Malta,1990,male,55-74 years,1,25000,4,Malta1990,0.729,"2,547,163,582",7780,G.I. Generation
Malta,1990,male,25-34 years,1,28600,3.5,Malta1990,0.729,"2,547,163,582",7780,Boomers
Malta,1990,female,15-24 years,0,24100,0,Malta1990,0.729,"2,547,163,582",7780,Generation X
Malta,1990,female,25-34 years,0,27300,0,Malta1990,0.729,"2,547,163,582",7780,Boomers
Malta,1990,female,35-54 years,0,48900,0,Malta1990,0.729,"2,547,163,582",7780,Silent
Malta,1990,female,5-14 years,0,27400,0,Malta1990,0.729,"2,547,163,582",7780,Generation X
Malta,1990,female,55-74 years,0,30200,0,Malta1990,0.729,"2,547,163,582",7780,G.I. Generation
Malta,1990,female,75+ years,0,8400,0,Malta1990,0.729,"2,547,163,582",7780,G.I. Generation
Malta,1990,male,5-14 years,0,28900,0,Malta1990,0.729,"2,547,163,582",7780,Generation X
Malta,1990,male,75+ years,0,5600,0,Malta1990,0.729,"2,547,163,582",7780,G.I. Generation
Mauritius,1990,male,35-54 years,33,107800,30.61,Mauritius1990,0.619,"2,653,480,001",2820,Silent
Mauritius,1990,male,55-74 years,13,48700,26.69,Mauritius1990,0.619,"2,653,480,001",2820,G.I. Generation
Mauritius,1990,male,25-34 years,26,98100,26.5,Mauritius1990,0.619,"2,653,480,001",2820,Boomers
Mauritius,1990,female,15-24 years,23,95400,24.11,Mauritius1990,0.619,"2,653,480,001",2820,Generation X
Mauritius,1990,female,25-34 years,18,97100,18.54,Mauritius1990,0.619,"2,653,480,001",2820,Boomers
Mauritius,1990,male,15-24 years,18,98500,18.27,Mauritius1990,0.619,"2,653,480,001",2820,Generation X
Mauritius,1990,female,55-74 years,4,51800,7.72,Mauritius1990,0.619,"2,653,480,001",2820,G.I. Generation
Mauritius,1990,female,35-54 years,8,115600,6.92,Mauritius1990,0.619,"2,653,480,001",2820,Silent
Mauritius,1990,female,5-14 years,3,103400,2.9,Mauritius1990,0.619,"2,653,480,001",2820,Generation X
Mauritius,1990,male,5-14 years,1,108400,0.92,Mauritius1990,0.619,"2,653,480,001",2820,Generation X
Mauritius,1990,female,75+ years,0,10500,0,Mauritius1990,0.619,"2,653,480,001",2820,G.I. Generation
Mauritius,1990,male,75+ years,0,5800,0,Mauritius1990,0.619,"2,653,480,001",2820,G.I. Generation
Mexico,1990,male,75+ years,87,489000,17.79,Mexico1990,0.648,"262,709,948,091",3595,G.I. Generation
Mexico,1990,male,55-74 years,224,2709000,8.27,Mexico1990,0.648,"262,709,948,091",3595,G.I. Generation
Mexico,1990,male,35-54 years,437,6812000,6.42,Mexico1990,0.648,"262,709,948,091",3595,Silent
Mexico,1990,male,25-34 years,387,6347000,6.1,Mexico1990,0.648,"262,709,948,091",3595,Boomers
Mexico,1990,male,15-24 years,472,9501000,4.97,Mexico1990,0.648,"262,709,948,091",3595,Generation X
Mexico,1990,female,15-24 years,114,9327000,1.22,Mexico1990,0.648,"262,709,948,091",3595,Generation X
Mexico,1990,female,55-74 years,34,3073000,1.11,Mexico1990,0.648,"262,709,948,091",3595,G.I. Generation
Mexico,1990,female,25-34 years,57,6426000,0.89,Mexico1990,0.648,"262,709,948,091",3595,Boomers
Mexico,1990,female,35-54 years,58,7045000,0.82,Mexico1990,0.648,"262,709,948,091",3595,Silent
Mexico,1990,female,75+ years,5,650900,0.77,Mexico1990,0.648,"262,709,948,091",3595,G.I. Generation
Mexico,1990,male,5-14 years,41,10518000,0.39,Mexico1990,0.648,"262,709,948,091",3595,Generation X
Mexico,1990,female,5-14 years,10,10179000,0.1,Mexico1990,0.648,"262,709,948,091",3595,Generation X
Netherlands,1990,male,75+ years,95,279100,34.04,Netherlands1990,0.829,"314,267,667,675",22425,G.I. Generation
Netherlands,1990,male,25-34 years,204,1287400,15.85,Netherlands1990,0.829,"314,267,667,675",22425,Boomers
Netherlands,1990,male,55-74 years,185,1167900,15.84,Netherlands1990,0.829,"314,267,667,675",22425,G.I. Generation
Netherlands,1990,male,35-54 years,322,2065400,15.59,Netherlands1990,0.829,"314,267,667,675",22425,Silent
Netherlands,1990,female,75+ years,80,535700,14.93,Netherlands1990,0.829,"314,267,667,675",22425,G.I. Generation
Netherlands,1990,female,55-74 years,145,1338000,10.84,Netherlands1990,0.829,"314,267,667,675",22425,G.I. Generation
Netherlands,1990,female,35-54 years,184,1976000,9.31,Netherlands1990,0.829,"314,267,667,675",22425,Silent
Netherlands,1990,male,15-24 years,98,1195500,8.2,Netherlands1990,0.829,"314,267,667,675",22425,Generation X
Netherlands,1990,female,25-34 years,89,1232600,7.22,Netherlands1990,0.829,"314,267,667,675",22425,Boomers
Netherlands,1990,female,15-24 years,41,1147300,3.57,Netherlands1990,0.829,"314,267,667,675",22425,Generation X
Netherlands,1990,male,5-14 years,5,915200,0.55,Netherlands1990,0.829,"314,267,667,675",22425,Generation X
Netherlands,1990,female,5-14 years,2,874200,0.23,Netherlands1990,0.829,"314,267,667,675",22425,Generation X
New Zealand,1990,male,15-24 years,111,283700,39.13,New Zealand1990,0.82,"45,519,034,244",14734,Generation X
New Zealand,1990,male,75+ years,21,56000,37.5,New Zealand1990,0.82,"45,519,034,244",14734,G.I. Generation
New Zealand,1990,male,25-34 years,72,269100,26.76,New Zealand1990,0.82,"45,519,034,244",14734,Boomers
New Zealand,1990,male,35-54 years,99,407200,24.31,New Zealand1990,0.82,"45,519,034,244",14734,Silent
New Zealand,1990,male,55-74 years,58,242600,23.91,New Zealand1990,0.82,"45,519,034,244",14734,G.I. Generation
New Zealand,1990,female,25-34 years,21,280600,7.48,New Zealand1990,0.82,"45,519,034,244",14734,Boomers
New Zealand,1990,female,35-54 years,29,408600,7.1,New Zealand1990,0.82,"45,519,034,244",14734,Silent
New Zealand,1990,female,15-24 years,19,278500,6.82,New Zealand1990,0.82,"45,519,034,244",14734,Generation X
New Zealand,1990,female,55-74 years,17,261400,6.5,New Zealand1990,0.82,"45,519,034,244",14734,G.I. Generation
New Zealand,1990,female,75+ years,6,95600,6.28,New Zealand1990,0.82,"45,519,034,244",14734,G.I. Generation
New Zealand,1990,male,5-14 years,2,257900,0.78,New Zealand1990,0.82,"45,519,034,244",14734,Generation X
New Zealand,1990,female,5-14 years,0,248200,0,New Zealand1990,0.82,"45,519,034,244",14734,Generation X
Norway,1990,male,55-74 years,125,365800,34.17,Norway1990,0.849,"119,791,683,308",30240,G.I. Generation
Norway,1990,male,75+ years,34,110100,30.88,Norway1990,0.849,"119,791,683,308",30240,G.I. Generation
Norway,1990,male,35-54 years,159,546500,29.09,Norway1990,0.849,"119,791,683,308",30240,Silent
Norway,1990,male,25-34 years,92,329000,27.96,Norway1990,0.849,"119,791,683,308",30240,Boomers
Norway,1990,male,15-24 years,74,334200,22.14,Norway1990,0.849,"119,791,683,308",30240,Generation X
Norway,1990,female,55-74 years,55,410600,13.4,Norway1990,0.849,"119,791,683,308",30240,G.I. Generation
Norway,1990,female,35-54 years,62,522500,11.87,Norway1990,0.849,"119,791,683,308",30240,Silent
Norway,1990,female,75+ years,15,188700,7.95,Norway1990,0.849,"119,791,683,308",30240,G.I. Generation
Norway,1990,female,15-24 years,20,318800,6.27,Norway1990,0.849,"119,791,683,308",30240,Generation X
Norway,1990,female,25-34 years,19,311900,6.09,Norway1990,0.849,"119,791,683,308",30240,Boomers
Norway,1990,male,5-14 years,4,268100,1.49,Norway1990,0.849,"119,791,683,308",30240,Generation X
Norway,1990,female,5-14 years,0,255100,0,Norway1990,0.849,"119,791,683,308",30240,Generation X
Paraguay,1990,male,75+ years,3,24057,12.47,Paraguay1990,0.579,"5,695,201,563",1600,G.I. Generation
Paraguay,1990,female,15-24 years,24,398531,6.02,Paraguay1990,0.579,"5,695,201,563",1600,Generation X
Paraguay,1990,male,15-24 years,23,409193,5.62,Paraguay1990,0.579,"5,695,201,563",1600,Generation X
Paraguay,1990,female,55-74 years,6,154872,3.87,Paraguay1990,0.579,"5,695,201,563",1600,G.I. Generation
Paraguay,1990,male,25-34 years,10,310522,3.22,Paraguay1990,0.579,"5,695,201,563",1600,Boomers
Paraguay,1990,female,75+ years,1,32425,3.08,Paraguay1990,0.579,"5,695,201,563",1600,G.I. Generation
Paraguay,1990,male,55-74 years,4,144947,2.76,Paraguay1990,0.579,"5,695,201,563",1600,G.I. Generation
Paraguay,1990,female,25-34 years,8,301682,2.65,Paraguay1990,0.579,"5,695,201,563",1600,Boomers
Paraguay,1990,male,35-54 years,9,357722,2.52,Paraguay1990,0.579,"5,695,201,563",1600,Silent
Paraguay,1990,female,35-54 years,7,341511,2.05,Paraguay1990,0.579,"5,695,201,563",1600,Silent
Paraguay,1990,female,5-14 years,4,534004,0.75,Paraguay1990,0.579,"5,695,201,563",1600,Generation X
Paraguay,1990,male,5-14 years,0,550763,0,Paraguay1990,0.579,"5,695,201,563",1600,Generation X
Poland,1990,male,35-54 years,1670,4766000,35.04,Poland1990,0.713,"65,977,749,037",1876,Silent
Poland,1990,male,55-74 years,890,2665000,33.4,Poland1990,0.713,"65,977,749,037",1876,G.I. Generation
Poland,1990,male,25-34 years,917,3012400,30.44,Poland1990,0.713,"65,977,749,037",1876,Boomers
Poland,1990,male,75+ years,141,517200,27.26,Poland1990,0.713,"65,977,749,037",1876,G.I. Generation
Poland,1990,male,15-24 years,440,2720300,16.17,Poland1990,0.713,"65,977,749,037",1876,Generation X
Poland,1990,female,55-74 years,277,3412300,8.12,Poland1990,0.713,"65,977,749,037",1876,G.I. Generation
Poland,1990,female,75+ years,77,1041700,7.39,Poland1990,0.713,"65,977,749,037",1876,G.I. Generation
Poland,1990,female,35-54 years,320,4878200,6.56,Poland1990,0.713,"65,977,749,037",1876,Silent
Poland,1990,female,25-34 years,126,2933900,4.29,Poland1990,0.713,"65,977,749,037",1876,Boomers
Poland,1990,female,15-24 years,72,2596300,2.77,Poland1990,0.713,"65,977,749,037",1876,Generation X
Poland,1990,male,5-14 years,33,3383600,0.98,Poland1990,0.713,"65,977,749,037",1876,Generation X
Poland,1990,female,5-14 years,7,3237900,0.22,Poland1990,0.713,"65,977,749,037",1876,Generation X
Portugal,1990,male,75+ years,111,195284,56.84,Portugal1990,0.71,"78,721,607,509",8356,G.I. Generation
Portugal,1990,male,55-74 years,207,869989,23.79,Portugal1990,0.71,"78,721,607,509",8356,G.I. Generation
Portugal,1990,female,75+ years,53,332685,15.93,Portugal1990,0.71,"78,721,607,509",8356,G.I. Generation
Portugal,1990,male,25-34 years,106,712455,14.88,Portugal1990,0.71,"78,721,607,509",8356,Boomers
Portugal,1990,male,35-54 years,151,1171924,12.88,Portugal1990,0.71,"78,721,607,509",8356,Silent
Portugal,1990,male,15-24 years,62,821204,7.55,Portugal1990,0.71,"78,721,607,509",8356,Generation X
Portugal,1990,female,55-74 years,68,1042954,6.52,Portugal1990,0.71,"78,721,607,509",8356,G.I. Generation
Portugal,1990,female,35-54 years,55,1264949,4.35,Portugal1990,0.71,"78,721,607,509",8356,Silent
Portugal,1990,female,25-34 years,27,732012,3.69,Portugal1990,0.71,"78,721,607,509",8356,Boomers
Portugal,1990,female,15-24 years,25,802513,3.12,Portugal1990,0.71,"78,721,607,509",8356,Generation X
Portugal,1990,male,5-14 years,5,753794,0.66,Portugal1990,0.71,"78,721,607,509",8356,Generation X
Portugal,1990,female,5-14 years,0,721051,0,Portugal1990,0.71,"78,721,607,509",8356,Generation X
Puerto Rico,1990,male,75+ years,32,53000,60.38,Puerto Rico1990,NA,"30,603,919,000",9552,G.I. Generation
Puerto Rico,1990,male,55-74 years,79,194000,40.72,Puerto Rico1990,NA,"30,603,919,000",9552,G.I. Generation
Puerto Rico,1990,male,35-54 years,115,359000,32.03,Puerto Rico1990,NA,"30,603,919,000",9552,Silent
Puerto Rico,1990,male,25-34 years,71,283000,25.09,Puerto Rico1990,NA,"30,603,919,000",9552,Boomers
Puerto Rico,1990,male,15-24 years,34,327000,10.4,Puerto Rico1990,NA,"30,603,919,000",9552,Generation X
Puerto Rico,1990,female,55-74 years,10,231000,4.33,Puerto Rico1990,NA,"30,603,919,000",9552,G.I. Generation
Puerto Rico,1990,female,35-54 years,13,416000,3.13,Puerto Rico1990,NA,"30,603,919,000",9552,Silent
Puerto Rico,1990,female,25-34 years,9,299000,3.01,Puerto Rico1990,NA,"30,603,919,000",9552,Boomers
Puerto Rico,1990,female,15-24 years,5,316000,1.58,Puerto Rico1990,NA,"30,603,919,000",9552,Generation X
Puerto Rico,1990,male,5-14 years,2,335000,0.6,Puerto Rico1990,NA,"30,603,919,000",9552,Generation X
Puerto Rico,1990,female,5-14 years,1,321000,0.31,Puerto Rico1990,NA,"30,603,919,000",9552,Generation X
Puerto Rico,1990,female,75+ years,0,70000,0,Puerto Rico1990,NA,"30,603,919,000",9552,G.I. Generation
Republic of Korea,1990,male,75+ years,53,194400,27.26,Republic of Korea1990,NA,"279,349,355,714",7056,G.I. Generation
Republic of Korea,1990,male,55-74 years,352,1859100,18.93,Republic of Korea1990,NA,"279,349,355,714",7056,G.I. Generation
Republic of Korea,1990,male,35-54 years,736,4981300,14.78,Republic of Korea1990,NA,"279,349,355,714",7056,Silent
Republic of Korea,1990,male,25-34 years,550,4270100,12.88,Republic of Korea1990,NA,"279,349,355,714",7056,Boomers
Republic of Korea,1990,female,75+ years,52,450100,11.55,Republic of Korea1990,NA,"279,349,355,714",7056,G.I. Generation
Republic of Korea,1990,male,15-24 years,480,4502200,10.66,Republic of Korea1990,NA,"279,349,355,714",7056,Generation X
Republic of Korea,1990,female,25-34 years,269,4102400,6.56,Republic of Korea1990,NA,"279,349,355,714",7056,Boomers
Republic of Korea,1990,female,55-74 years,153,2400600,6.37,Republic of Korea1990,NA,"279,349,355,714",7056,G.I. Generation
Republic of Korea,1990,female,15-24 years,232,4250500,5.46,Republic of Korea1990,NA,"279,349,355,714",7056,Generation X
Republic of Korea,1990,female,35-54 years,242,4781300,5.06,Republic of Korea1990,NA,"279,349,355,714",7056,Silent
Republic of Korea,1990,male,5-14 years,26,4028200,0.65,Republic of Korea1990,NA,"279,349,355,714",7056,Generation X
Republic of Korea,1990,female,5-14 years,14,3769300,0.37,Republic of Korea1990,NA,"279,349,355,714",7056,Generation X
Romania,1990,male,75+ years,97,377600,25.69,Romania1990,0.703,"38,995,454,545",1822,G.I. Generation
Romania,1990,male,55-74 years,413,1854500,22.27,Romania1990,0.703,"38,995,454,545",1822,G.I. Generation
Romania,1990,male,35-54 years,607,2875600,21.11,Romania1990,0.703,"38,995,454,545",1822,Silent
Romania,1990,male,25-34 years,210,1581200,13.28,Romania1990,0.703,"38,995,454,545",1822,Boomers
Romania,1990,female,75+ years,64,566300,11.3,Romania1990,0.703,"38,995,454,545",1822,G.I. Generation
Romania,1990,male,15-24 years,177,1966300,9,Romania1990,0.703,"38,995,454,545",1822,Generation X
Romania,1990,female,55-74 years,196,2188100,8.96,Romania1990,0.703,"38,995,454,545",1822,G.I. Generation
Romania,1990,female,35-54 years,167,2919600,5.72,Romania1990,0.703,"38,995,454,545",1822,Silent
Romania,1990,female,25-34 years,57,1521500,3.75,Romania1990,0.703,"38,995,454,545",1822,Boomers
Romania,1990,female,15-24 years,69,1887200,3.66,Romania1990,0.703,"38,995,454,545",1822,Generation X
Romania,1990,male,5-14 years,19,1873200,1.01,Romania1990,0.703,"38,995,454,545",1822,Generation X
Romania,1990,female,5-14 years,3,1790800,0.17,Romania1990,0.703,"38,995,454,545",1822,Generation X
Russian Federation,1990,male,75+ years,1366,1382500,98.81,Russian Federation1990,NA,"516,814,274,022",3789,G.I. Generation
Russian Federation,1990,male,35-54 years,12517,18495100,67.68,Russian Federation1990,NA,"516,814,274,022",3789,Silent
Russian Federation,1990,male,55-74 years,6401,9577500,66.83,Russian Federation1990,NA,"516,814,274,022",3789,G.I. Generation
Russian Federation,1990,male,25-34 years,6868,12477900,55.04,Russian Federation1990,NA,"516,814,274,022",3789,Boomers
Russian Federation,1990,female,75+ years,1608,4847400,33.17,Russian Federation1990,NA,"516,814,274,022",3789,G.I. Generation
Russian Federation,1990,male,15-24 years,2874,10059700,28.57,Russian Federation1990,NA,"516,814,274,022",3789,Generation X
Russian Federation,1990,female,55-74 years,3064,15534000,19.72,Russian Federation1990,NA,"516,814,274,022",3789,G.I. Generation
Russian Federation,1990,female,35-54 years,2467,19730400,12.5,Russian Federation1990,NA,"516,814,274,022",3789,Silent
Russian Federation,1990,female,25-34 years,910,12197600,7.46,Russian Federation1990,NA,"516,814,274,022",3789,Boomers
Russian Federation,1990,female,15-24 years,641,9649700,6.64,Russian Federation1990,NA,"516,814,274,022",3789,Generation X
Russian Federation,1990,male,5-14 years,260,11397000,2.28,Russian Federation1990,NA,"516,814,274,022",3789,Generation X
Russian Federation,1990,female,5-14 years,52,11049400,0.47,Russian Federation1990,NA,"516,814,274,022",3789,Generation X
Saint Kitts and Nevis,1990,female,15-24 years,0,4900,0,Saint Kitts and Nevis1990,NA,"208,740,444",5339,Generation X
Saint Kitts and Nevis,1990,female,25-34 years,0,2600,0,Saint Kitts and Nevis1990,NA,"208,740,444",5339,Boomers
Saint Kitts and Nevis,1990,female,35-54 years,0,2900,0,Saint Kitts and Nevis1990,NA,"208,740,444",5339,Silent
Saint Kitts and Nevis,1990,female,5-14 years,0,5700,0,Saint Kitts and Nevis1990,NA,"208,740,444",5339,Generation X
Saint Kitts and Nevis,1990,female,55-74 years,0,3300,0,Saint Kitts and Nevis1990,NA,"208,740,444",5339,G.I. Generation
Saint Kitts and Nevis,1990,female,75+ years,0,1000,0,Saint Kitts and Nevis1990,NA,"208,740,444",5339,G.I. Generation
Saint Kitts and Nevis,1990,male,15-24 years,0,4900,0,Saint Kitts and Nevis1990,NA,"208,740,444",5339,Generation X
Saint Kitts and Nevis,1990,male,25-34 years,0,2400,0,Saint Kitts and Nevis1990,NA,"208,740,444",5339,Boomers
Saint Kitts and Nevis,1990,male,35-54 years,0,2400,0,Saint Kitts and Nevis1990,NA,"208,740,444",5339,Silent
Saint Kitts and Nevis,1990,male,5-14 years,0,6000,0,Saint Kitts and Nevis1990,NA,"208,740,444",5339,Generation X
Saint Kitts and Nevis,1990,male,55-74 years,0,2500,0,Saint Kitts and Nevis1990,NA,"208,740,444",5339,G.I. Generation
Saint Kitts and Nevis,1990,male,75+ years,0,500,0,Saint Kitts and Nevis1990,NA,"208,740,444",5339,G.I. Generation
Saint Lucia,1990,male,25-34 years,1,9974,10.03,Saint Lucia1990,NA,"483,962,431",4015,Boomers
Saint Lucia,1990,female,25-34 years,1,10489,9.53,Saint Lucia1990,NA,"483,962,431",4015,Boomers
Saint Lucia,1990,male,15-24 years,1,13592,7.36,Saint Lucia1990,NA,"483,962,431",4015,Generation X
Saint Lucia,1990,female,15-24 years,0,14116,0,Saint Lucia1990,NA,"483,962,431",4015,Generation X
Saint Lucia,1990,female,35-54 years,0,10814,0,Saint Lucia1990,NA,"483,962,431",4015,Silent
Saint Lucia,1990,female,5-14 years,0,16405,0,Saint Lucia1990,NA,"483,962,431",4015,Generation X
Saint Lucia,1990,female,55-74 years,0,7433,0,Saint Lucia1990,NA,"483,962,431",4015,G.I. Generation
Saint Lucia,1990,female,75+ years,0,2160,0,Saint Lucia1990,NA,"483,962,431",4015,G.I. Generation
Saint Lucia,1990,male,35-54 years,0,10663,0,Saint Lucia1990,NA,"483,962,431",4015,Silent
Saint Lucia,1990,male,5-14 years,0,16448,0,Saint Lucia1990,NA,"483,962,431",4015,Generation X
Saint Lucia,1990,male,55-74 years,0,6879,0,Saint Lucia1990,NA,"483,962,431",4015,G.I. Generation
Saint Lucia,1990,male,75+ years,0,1564,0,Saint Lucia1990,NA,"483,962,431",4015,G.I. Generation
Saint Vincent and Grenadines,1990,male,25-34 years,3,8514,35.24,Saint Vincent and Grenadines1990,NA,"240,365,259",2553,Boomers
Saint Vincent and Grenadines,1990,male,55-74 years,1,4229,23.65,Saint Vincent and Grenadines1990,NA,"240,365,259",2553,G.I. Generation
Saint Vincent and Grenadines,1990,male,35-54 years,1,7593,13.17,Saint Vincent and Grenadines1990,NA,"240,365,259",2553,Silent
Saint Vincent and Grenadines,1990,female,15-24 years,0,11097,0,Saint Vincent and Grenadines1990,NA,"240,365,259",2553,Generation X
Saint Vincent and Grenadines,1990,female,25-34 years,0,8323,0,Saint Vincent and Grenadines1990,NA,"240,365,259",2553,Boomers
Saint Vincent and Grenadines,1990,female,35-54 years,0,7762,0,Saint Vincent and Grenadines1990,NA,"240,365,259",2553,Silent
Saint Vincent and Grenadines,1990,female,5-14 years,0,13580,0,Saint Vincent and Grenadines1990,NA,"240,365,259",2553,Generation X
Saint Vincent and Grenadines,1990,female,55-74 years,0,5128,0,Saint Vincent and Grenadines1990,NA,"240,365,259",2553,G.I. Generation
Saint Vincent and Grenadines,1990,female,75+ years,0,1532,0,Saint Vincent and Grenadines1990,NA,"240,365,259",2553,G.I. Generation
Saint Vincent and Grenadines,1990,male,15-24 years,0,11489,0,Saint Vincent and Grenadines1990,NA,"240,365,259",2553,Generation X
Saint Vincent and Grenadines,1990,male,5-14 years,0,13853,0,Saint Vincent and Grenadines1990,NA,"240,365,259",2553,Generation X
Saint Vincent and Grenadines,1990,male,75+ years,0,1041,0,Saint Vincent and Grenadines1990,NA,"240,365,259",2553,G.I. Generation
Singapore,1990,male,75+ years,19,24100,78.84,Singapore1990,0.718,"36,152,027,893",14393,G.I. Generation
Singapore,1990,female,75+ years,23,35400,64.97,Singapore1990,0.718,"36,152,027,893",14393,G.I. Generation
Singapore,1990,male,55-74 years,39,140900,27.68,Singapore1990,0.718,"36,152,027,893",14393,G.I. Generation
Singapore,1990,female,55-74 years,27,147100,18.35,Singapore1990,0.718,"36,152,027,893",14393,G.I. Generation
Singapore,1990,male,35-54 years,63,359200,17.54,Singapore1990,0.718,"36,152,027,893",14393,Silent
Singapore,1990,male,25-34 years,47,299900,15.67,Singapore1990,0.718,"36,152,027,893",14393,Boomers
Singapore,1990,female,25-34 years,43,289400,14.86,Singapore1990,0.718,"36,152,027,893",14393,Boomers
Singapore,1990,male,15-24 years,31,236800,13.09,Singapore1990,0.718,"36,152,027,893",14393,Generation X
Singapore,1990,female,35-54 years,42,349400,12.02,Singapore1990,0.718,"36,152,027,893",14393,Silent
Singapore,1990,female,15-24 years,17,225500,7.54,Singapore1990,0.718,"36,152,027,893",14393,Generation X
Singapore,1990,male,5-14 years,2,209400,0.96,Singapore1990,0.718,"36,152,027,893",14393,Generation X
Singapore,1990,female,5-14 years,1,194700,0.51,Singapore1990,0.718,"36,152,027,893",14393,Generation X
Spain,1990,male,75+ years,404,785000,51.46,Spain1990,0.756,"535,101,248,776",14517,G.I. Generation
Spain,1990,male,55-74 years,666,3421900,19.46,Spain1990,0.756,"535,101,248,776",14517,G.I. Generation
Spain,1990,female,75+ years,175,1359100,12.88,Spain1990,0.756,"535,101,248,776",14517,G.I. Generation
Spain,1990,male,25-34 years,325,3053500,10.64,Spain1990,0.756,"535,101,248,776",14517,Boomers
Spain,1990,male,35-54 years,481,4525600,10.63,Spain1990,0.756,"535,101,248,776",14517,Silent
Spain,1990,female,55-74 years,308,3971400,7.76,Spain1990,0.756,"535,101,248,776",14517,G.I. Generation
Spain,1990,male,15-24 years,240,3371500,7.12,Spain1990,0.756,"535,101,248,776",14517,Generation X
Spain,1990,female,35-54 years,171,4584100,3.73,Spain1990,0.756,"535,101,248,776",14517,Silent
Spain,1990,female,25-34 years,90,3001500,3,Spain1990,0.756,"535,101,248,776",14517,Boomers
Spain,1990,female,15-24 years,54,3206700,1.68,Spain1990,0.756,"535,101,248,776",14517,Generation X
Spain,1990,male,5-14 years,19,2878900,0.66,Spain1990,0.756,"535,101,248,776",14517,Generation X
Spain,1990,female,5-14 years,6,2702200,0.22,Spain1990,0.756,"535,101,248,776",14517,Generation X
Suriname,1990,male,75+ years,3,2000,150,Suriname1990,NA,"388,300,000",1114,G.I. Generation
Suriname,1990,male,25-34 years,8,34000,23.53,Suriname1990,NA,"388,300,000",1114,Boomers
Suriname,1990,male,15-24 years,7,47000,14.89,Suriname1990,NA,"388,300,000",1114,Generation X
Suriname,1990,male,35-54 years,2,28000,7.14,Suriname1990,NA,"388,300,000",1114,Silent
Suriname,1990,male,55-74 years,1,16000,6.25,Suriname1990,NA,"388,300,000",1114,G.I. Generation
Suriname,1990,female,25-34 years,2,35000,5.71,Suriname1990,NA,"388,300,000",1114,Boomers
Suriname,1990,female,15-24 years,2,46000,4.35,Suriname1990,NA,"388,300,000",1114,Generation X
Suriname,1990,male,5-14 years,1,45000,2.22,Suriname1990,NA,"388,300,000",1114,Generation X
Suriname,1990,female,35-54 years,0,32000,0,Suriname1990,NA,"388,300,000",1114,Silent
Suriname,1990,female,5-14 years,0,43500,0,Suriname1990,NA,"388,300,000",1114,Generation X
Suriname,1990,female,55-74 years,0,17000,0,Suriname1990,NA,"388,300,000",1114,G.I. Generation
Suriname,1990,female,75+ years,0,3200,0,Suriname1990,NA,"388,300,000",1114,G.I. Generation
Sweden,1990,male,75+ years,144,261500,55.07,Sweden1990,0.815,"258,154,283,909",32246,G.I. Generation
Sweden,1990,male,55-74 years,287,798100,35.96,Sweden1990,0.815,"258,154,283,909",32246,G.I. Generation
Sweden,1990,male,35-54 years,340,1174000,28.96,Sweden1990,0.815,"258,154,283,909",32246,Silent
Sweden,1990,male,25-34 years,157,606600,25.88,Sweden1990,0.815,"258,154,283,909",32246,Boomers
Sweden,1990,female,55-74 years,138,883800,15.61,Sweden1990,0.815,"258,154,283,909",32246,G.I. Generation
Sweden,1990,female,75+ years,63,422700,14.9,Sweden1990,0.815,"258,154,283,909",32246,G.I. Generation
Sweden,1990,male,15-24 years,88,600300,14.66,Sweden1990,0.815,"258,154,283,909",32246,Generation X
Sweden,1990,female,35-54 years,156,1130600,13.8,Sweden1990,0.815,"258,154,283,909",32246,Silent
Sweden,1990,female,25-34 years,63,574600,10.96,Sweden1990,0.815,"258,154,283,909",32246,Boomers
Sweden,1990,female,15-24 years,30,571400,5.25,Sweden1990,0.815,"258,154,283,909",32246,Generation X
Sweden,1990,male,5-14 years,4,503700,0.79,Sweden1990,0.815,"258,154,283,909",32246,Generation X
Sweden,1990,female,5-14 years,1,478400,0.21,Sweden1990,0.815,"258,154,283,909",32246,Generation X
Thailand,1990,male,75+ years,55,355816,15.46,Thailand1990,0.572,"85,343,063,966",1666,G.I. Generation
Thailand,1990,male,25-34 years,622,4749653,13.1,Thailand1990,0.572,"85,343,063,966",1666,Boomers
Thailand,1990,male,15-24 years,753,6077084,12.39,Thailand1990,0.572,"85,343,063,966",1666,Generation X
Thailand,1990,male,55-74 years,293,2438191,12.02,Thailand1990,0.572,"85,343,063,966",1666,G.I. Generation
Thailand,1990,male,35-54 years,665,5708264,11.65,Thailand1990,0.572,"85,343,063,966",1666,Silent
Thailand,1990,female,15-24 years,511,5917572,8.64,Thailand1990,0.572,"85,343,063,966",1666,Generation X
Thailand,1990,female,25-34 years,339,4920571,6.89,Thailand1990,0.572,"85,343,063,966",1666,Boomers
Thailand,1990,female,75+ years,29,515149,5.63,Thailand1990,0.572,"85,343,063,966",1666,G.I. Generation
Thailand,1990,female,35-54 years,290,6146476,4.72,Thailand1990,0.572,"85,343,063,966",1666,Silent
Thailand,1990,female,55-74 years,102,2660151,3.83,Thailand1990,0.572,"85,343,063,966",1666,G.I. Generation
Thailand,1990,male,5-14 years,51,5967616,0.85,Thailand1990,0.572,"85,343,063,966",1666,Generation X
Thailand,1990,female,5-14 years,43,5772125,0.74,Thailand1990,0.572,"85,343,063,966",1666,Generation X
Trinidad and Tobago,1990,male,25-34 years,43,107000,40.19,Trinidad and Tobago1990,0.673,"5,068,000,000",4656,Boomers
Trinidad and Tobago,1990,male,55-74 years,16,52000,30.77,Trinidad and Tobago1990,0.673,"5,068,000,000",4656,G.I. Generation
Trinidad and Tobago,1990,male,35-54 years,34,113000,30.09,Trinidad and Tobago1990,0.673,"5,068,000,000",4656,Silent
Trinidad and Tobago,1990,male,15-24 years,30,115000,26.09,Trinidad and Tobago1990,0.673,"5,068,000,000",4656,Generation X
Trinidad and Tobago,1990,female,15-24 years,17,114000,14.91,Trinidad and Tobago1990,0.673,"5,068,000,000",4656,Generation X
Trinidad and Tobago,1990,male,75+ years,1,10000,10,Trinidad and Tobago1990,0.673,"5,068,000,000",4656,G.I. Generation
Trinidad and Tobago,1990,female,35-54 years,11,119000,9.24,Trinidad and Tobago1990,0.673,"5,068,000,000",4656,Silent
Trinidad and Tobago,1990,female,55-74 years,5,57000,8.77,Trinidad and Tobago1990,0.673,"5,068,000,000",4656,G.I. Generation
Trinidad and Tobago,1990,female,25-34 years,8,109000,7.34,Trinidad and Tobago1990,0.673,"5,068,000,000",4656,Boomers
Trinidad and Tobago,1990,female,75+ years,1,16500,6.06,Trinidad and Tobago1990,0.673,"5,068,000,000",4656,G.I. Generation
Trinidad and Tobago,1990,female,5-14 years,3,136000,2.21,Trinidad and Tobago1990,0.673,"5,068,000,000",4656,Generation X
Trinidad and Tobago,1990,male,5-14 years,1,140000,0.71,Trinidad and Tobago1990,0.673,"5,068,000,000",4656,Generation X
Turkmenistan,1990,female,75+ years,12,34100,35.19,Turkmenistan1990,NA,"3,189,539,641",1036,G.I. Generation
Turkmenistan,1990,male,75+ years,5,16700,29.94,Turkmenistan1990,NA,"3,189,539,641",1036,G.I. Generation
Turkmenistan,1990,male,35-54 years,65,268100,24.24,Turkmenistan1990,NA,"3,189,539,641",1036,Silent
Turkmenistan,1990,male,25-34 years,61,292800,20.83,Turkmenistan1990,NA,"3,189,539,641",1036,Boomers
Turkmenistan,1990,male,55-74 years,23,117000,19.66,Turkmenistan1990,NA,"3,189,539,641",1036,G.I. Generation
Turkmenistan,1990,male,15-24 years,56,360200,15.55,Turkmenistan1990,NA,"3,189,539,641",1036,Generation X
Turkmenistan,1990,female,15-24 years,27,351300,7.69,Turkmenistan1990,NA,"3,189,539,641",1036,Generation X
Turkmenistan,1990,female,35-54 years,18,277100,6.5,Turkmenistan1990,NA,"3,189,539,641",1036,Silent
Turkmenistan,1990,female,55-74 years,9,153300,5.87,Turkmenistan1990,NA,"3,189,539,641",1036,G.I. Generation
Turkmenistan,1990,female,25-34 years,16,306400,5.22,Turkmenistan1990,NA,"3,189,539,641",1036,Boomers
Turkmenistan,1990,male,5-14 years,6,455200,1.32,Turkmenistan1990,NA,"3,189,539,641",1036,Generation X
Turkmenistan,1990,female,5-14 years,0,447600,0,Turkmenistan1990,NA,"3,189,539,641",1036,Generation X
Ukraine,1990,male,75+ years,494,688400,71.76,Ukraine1990,0.705,"81,456,918,679",1698,G.I. Generation
Ukraine,1990,male,35-54 years,3570,6444100,55.4,Ukraine1990,0.705,"81,456,918,679",1698,Silent
Ukraine,1990,male,55-74 years,2003,3733600,53.65,Ukraine1990,0.705,"81,456,918,679",1698,G.I. Generation
Ukraine,1990,male,25-34 years,1490,3837800,38.82,Ukraine1990,0.705,"81,456,918,679",1698,Boomers
Ukraine,1990,female,75+ years,452,1956100,23.11,Ukraine1990,0.705,"81,456,918,679",1698,G.I. Generation
Ukraine,1990,male,15-24 years,613,3544600,17.29,Ukraine1990,0.705,"81,456,918,679",1698,Generation X
Ukraine,1990,female,55-74 years,886,5866100,15.1,Ukraine1990,0.705,"81,456,918,679",1698,G.I. Generation
Ukraine,1990,female,35-54 years,704,7140700,9.86,Ukraine1990,0.705,"81,456,918,679",1698,Silent
Ukraine,1990,female,25-34 years,203,3904100,5.2,Ukraine1990,0.705,"81,456,918,679",1698,Boomers
Ukraine,1990,female,15-24 years,165,3454600,4.78,Ukraine1990,0.705,"81,456,918,679",1698,Generation X
Ukraine,1990,male,5-14 years,59,3763100,1.57,Ukraine1990,0.705,"81,456,918,679",1698,Generation X
Ukraine,1990,female,5-14 years,6,3638400,0.16,Ukraine1990,0.705,"81,456,918,679",1698,Generation X
United Kingdom,1990,male,75+ years,264,1360178,19.41,United Kingdom1990,0.773,"1,093,169,389,205",20411,G.I. Generation
United Kingdom,1990,male,35-54 years,1246,7192919,17.32,United Kingdom1990,0.773,"1,093,169,389,205",20411,Silent
United Kingdom,1990,male,25-34 years,763,4427270,17.23,United Kingdom1990,0.773,"1,093,169,389,205",20411,Boomers
United Kingdom,1990,male,55-74 years,721,5093581,14.16,United Kingdom1990,0.773,"1,093,169,389,205",20411,G.I. Generation
United Kingdom,1990,male,15-24 years,528,4317816,12.23,United Kingdom1990,0.773,"1,093,169,389,205",20411,Generation X
United Kingdom,1990,female,55-74 years,340,5762152,5.9,United Kingdom1990,0.773,"1,093,169,389,205",20411,G.I. Generation
United Kingdom,1990,female,75+ years,154,2625749,5.86,United Kingdom1990,0.773,"1,093,169,389,205",20411,G.I. Generation
United Kingdom,1990,female,35-54 years,360,7196514,5,United Kingdom1990,0.773,"1,093,169,389,205",20411,Silent
United Kingdom,1990,female,25-34 years,180,4366845,4.12,United Kingdom1990,0.773,"1,093,169,389,205",20411,Boomers
United Kingdom,1990,female,15-24 years,85,4138638,2.05,United Kingdom1990,0.773,"1,093,169,389,205",20411,Generation X
United Kingdom,1990,male,5-14 years,2,3630327,0.06,United Kingdom1990,0.773,"1,093,169,389,205",20411,Generation X
United Kingdom,1990,female,5-14 years,0,3445865,0,United Kingdom1990,0.773,"1,093,169,389,205",20411,Generation X
United States,1990,male,75+ years,2653,4585900,57.85,United States1990,0.859,"5,979,589,000,000",26004,G.I. Generation
United States,1990,male,55-74 years,5109,17861900,28.6,United States1990,0.859,"5,979,589,000,000",26004,G.I. Generation
United States,1990,male,25-34 years,5339,21564300,24.76,United States1990,0.859,"5,979,589,000,000",26004,Boomers
United States,1990,male,35-54 years,7260,30742000,23.62,United States1990,0.859,"5,979,589,000,000",26004,Silent
United States,1990,male,15-24 years,4160,18915400,21.99,United States1990,0.859,"5,979,589,000,000",26004,Generation X
United States,1990,female,55-74 years,1504,21296300,7.06,United States1990,0.859,"5,979,589,000,000",26004,G.I. Generation
United States,1990,female,35-54 years,2175,31749500,6.85,United States1990,0.859,"5,979,589,000,000",26004,Silent
United States,1990,female,75+ years,511,8447400,6.05,United States1990,0.859,"5,979,589,000,000",26004,G.I. Generation
United States,1990,female,25-34 years,1211,21596400,5.61,United States1990,0.859,"5,979,589,000,000",26004,Boomers
United States,1990,female,15-24 years,709,18097900,3.92,United States1990,0.859,"5,979,589,000,000",26004,Generation X
United States,1990,male,5-14 years,195,17970800,1.09,United States1990,0.859,"5,979,589,000,000",26004,Generation X
United States,1990,female,5-14 years,69,17124400,0.4,United States1990,0.859,"5,979,589,000,000",26004,Generation X
Uruguay,1990,male,75+ years,37,52000,71.15,Uruguay1990,0.692,"9,298,839,655",3281,G.I. Generation
Uruguay,1990,male,55-74 years,74,246000,30.08,Uruguay1990,0.692,"9,298,839,655",3281,G.I. Generation
Uruguay,1990,male,35-54 years,75,339000,22.12,Uruguay1990,0.692,"9,298,839,655",3281,Silent
Uruguay,1990,male,15-24 years,33,247000,13.36,Uruguay1990,0.692,"9,298,839,655",3281,Generation X
Uruguay,1990,male,25-34 years,27,216000,12.5,Uruguay1990,0.692,"9,298,839,655",3281,Boomers
Uruguay,1990,female,75+ years,9,90000,10,Uruguay1990,0.692,"9,298,839,655",3281,G.I. Generation
Uruguay,1990,female,55-74 years,25,283000,8.83,Uruguay1990,0.692,"9,298,839,655",3281,G.I. Generation
Uruguay,1990,female,35-54 years,14,358000,3.91,Uruguay1990,0.692,"9,298,839,655",3281,Silent
Uruguay,1990,female,25-34 years,8,224000,3.57,Uruguay1990,0.692,"9,298,839,655",3281,Boomers
Uruguay,1990,female,15-24 years,7,240000,2.92,Uruguay1990,0.692,"9,298,839,655",3281,Generation X
Uruguay,1990,female,5-14 years,3,264000,1.14,Uruguay1990,0.692,"9,298,839,655",3281,Generation X
Uruguay,1990,male,5-14 years,3,275000,1.09,Uruguay1990,0.692,"9,298,839,655",3281,Generation X
Uzbekistan,1990,male,35-54 years,343,1491700,22.99,Uzbekistan1990,NA,"13,360,607,918",778,Silent
Uzbekistan,1990,male,55-74 years,129,660200,19.54,Uzbekistan1990,NA,"13,360,607,918",778,G.I. Generation
Uzbekistan,1990,male,25-34 years,283,1638100,17.28,Uzbekistan1990,NA,"13,360,607,918",778,Boomers
Uzbekistan,1990,male,75+ years,20,118300,16.91,Uzbekistan1990,NA,"13,360,607,918",778,G.I. Generation
Uzbekistan,1990,female,75+ years,27,218400,12.36,Uzbekistan1990,NA,"13,360,607,918",778,G.I. Generation
Uzbekistan,1990,male,15-24 years,191,1955700,9.77,Uzbekistan1990,NA,"13,360,607,918",778,Generation X
Uzbekistan,1990,female,55-74 years,77,856800,8.99,Uzbekistan1990,NA,"13,360,607,918",778,G.I. Generation
Uzbekistan,1990,female,35-54 years,105,1507400,6.97,Uzbekistan1990,NA,"13,360,607,918",778,Silent
Uzbekistan,1990,female,15-24 years,135,1956300,6.9,Uzbekistan1990,NA,"13,360,607,918",778,Generation X
Uzbekistan,1990,female,25-34 years,87,1664200,5.23,Uzbekistan1990,NA,"13,360,607,918",778,Boomers
Uzbekistan,1990,male,5-14 years,42,2574400,1.63,Uzbekistan1990,NA,"13,360,607,918",778,Generation X
Uzbekistan,1990,female,5-14 years,20,2524200,0.79,Uzbekistan1990,NA,"13,360,607,918",778,Generation X
